id_cliente,nome,email,pais,estado,cidade
fcb0dda5-a029-43f7-adc7-20fabb8dbb13,Yago Carvalho,yagocarvalho@gmail.com,Brasil,Bahia,Ramos
2e418258-86bb-4b8b-8c14-406b83c12e28,Daniel Fogaça,danielfogaça@hotmail.com,Brasil,Maranhão,Camargo da Prata
8e93ee17-9256-4f13-a6be-b9c5c888a7c3,Arthur Nogueira,arthurnogueira@hotmail.com,Brasil,Amazonas,Lima
73f045bb-6a4a-4750-839a-73286428fe31,Theo Moraes,theomoraes@hotmail.com,Brasil,Paraná,das Neves do Campo
592e9ca7-cd15-489a-9fc0-c3bbeb66db11,Luna Nogueira,lunanogueira@hotmail.com,Brasil,Rio Grande do Sul,Fonseca dos Dourados
2afa50af-aefb-47bc-8a4c-47e0731c2f45,Dra. Ágatha Leão,draágathaleão@gmail.com,Brasil,Ceará,Gomes
a538c0bf-ee53-43fd-9977-c3c72dd20dc3,Mirella Novais,mirellanovais@outlook.com,Brasil,Paraná,Duarte
edbfbce0-89ee-46f7-8310-668312e073cf,Caroline Oliveira,carolineoliveira@gmail.com,Brasil,Paraná,Vieira dos Dourados
d285f51f-9077-4c48-9ef6-8f2c4ccaeca4,Srta. Alana da Rosa,srtaalanadarosa@yahoo.com.br,Brasil,Bahia,Almeida
1de80a63-7834-4536-a591-305ee8fd7794,Maria Sophia da Cruz,mariasophiadacruz@gmail.com,Brasil,Mato Grosso do Sul,Costa de Pinto
76eea6b9-5a0a-4e45-bdb1-a2a4c181ce69,Matteo Pires,matteopires@hotmail.com,Brasil,Mato Grosso do Sul,Marques
4baa89c3-59aa-4912-b835-d06a368a8a99,Sarah Casa Grande,sarahcasagrande@yahoo.com.br,Brasil,Goiás,da Costa
607a2038-2c4e-4e81-a9c1-3702461f4698,Dra. Maysa Abreu,dramaysaabreu@hotmail.com,Brasil,Amapá,Cavalcante
586c4b9b-edc7-4e91-91d6-432e8870ea7d,Dra. Aylla da Luz,draaylladaluz@outlook.com,Brasil,Espírito Santo,Machado
f38bfa1b-34ea-4b9c-97a9-49387d726f13,Beatriz Castro,beatrizcastro@yahoo.com.br,Brasil,Bahia,da Mata das Pedras
4f1f182b-51b3-43b6-9169-3ba34baebd12,Lucas Gabriel Mendes,lucasgabrielmendes@outlook.com,Brasil,Ceará,da Costa da Prata
8263ecd8-d55f-4949-895d-9f177c09635f,João Felipe Rezende,joãofeliperezende@hotmail.com,Brasil,Paraná,Peixoto
37e18a0a-6517-4ef2-b754-2e0336d1b9ce,Dra. Bella Nunes,drabellanunes@hotmail.com,Brasil,Rio Grande do Sul,Casa Grande de Nogueira
78e7502a-431b-47b1-969f-db1c3c36a678,Rafaela Nascimento,rafaelanascimento@hotmail.com,Brasil,Distrito Federal,Correia do Norte
e1e6a271-5f28-49bb-85b4-988733bef5d5,Isabela Ferreira,isabelaferreira@yahoo.com.br,Brasil,Tocantins,Moreira
9477867f-c7e2-4162-b100-91cac88383a3,Ravi Lucca Barbosa,raviluccabarbosa@hotmail.com,Brasil,Mato Grosso,Siqueira Verde
bc94d592-8440-425b-ac0d-c99c7d339d87,Ísis Alves,ísisalves@outlook.com,Brasil,Amapá,da Luz
81af8666-2f31-4369-80bd-ad9dda461e66,Marcelo da Conceição,marcelodaconceição@gmail.com,Brasil,Piauí,Vieira
33852a47-0647-4278-93c8-d0187e7bbb4c,Sr. Fernando Silva,srfernandosilva@gmail.com,Brasil,Maranhão,Pires Alegre
c8fe0f4b-a1c6-4248-8edc-a00ceb371540,Marcos Vinicius da Costa,marcosviniciusdacosta@outlook.com,Brasil,Mato Grosso do Sul,Cunha
192122d0-2cf8-499a-b750-6983bef900de,Luiz Fernando Pacheco,luizfernandopacheco@yahoo.com.br,Brasil,Mato Grosso,Pimenta do Oeste
0e170835-7ca6-4b21-b273-b00bf1a2cae7,Isis Fogaça,isisfogaça@outlook.com,Brasil,Rio de Janeiro,Machado
98dd9c5c-cf8f-4038-ac9c-4ff1d02df925,Isaac Garcia,isaacgarcia@outlook.com,Brasil,São Paulo,Câmara de Fonseca
0c5ea54f-de1b-474a-87b2-ea582c78eea9,João Miguel Araújo,joãomiguelaraújo@gmail.com,Brasil,Mato Grosso do Sul,Abreu de Barbosa
5ecd0299-3c1e-4ec6-a15f-df355da72826,Dra. Gabriela Cirino,dragabrielacirino@outlook.com,Brasil,Amazonas,da Costa
142a5d95-0bd7-4de7-ad5a-d3a76ec2361b,Theodoro Monteiro,theodoromonteiro@yahoo.com.br,Brasil,Ceará,da Rocha
47dd32de-ad70-44d3-9819-7c02b80b43a3,Asafe Sousa,asafesousa@outlook.com,Brasil,Ceará,Monteiro
8f7e7765-c5b6-4cc4-a41e-53691833894d,João Guilherme Martins,joãoguilhermemartins@gmail.com,Brasil,Tocantins,Aragão
da94246f-66b5-4799-bd77-97506b4ba42c,Lorenzo Campos,lorenzocampos@hotmail.com,Brasil,Piauí,Câmara de Almeida
5102ade8-0adf-4496-855b-fc78613073f6,Kamilly Cassiano,kamillycassiano@yahoo.com.br,Brasil,Rio de Janeiro,Duarte
8adc9c0f-1d3e-4189-9d15-981469a6d525,Otávio Nascimento,otávionascimento@hotmail.com,Brasil,Espírito Santo,Montenegro Paulista
1ce59077-7c1b-4886-aa9a-162529f5eb09,Maria Clara Duarte,mariaclaraduarte@gmail.com,Brasil,Maranhão,Silveira
ddc92727-ac50-40b8-a96d-23f09054acc8,Isabela Almeida,isabelaalmeida@yahoo.com.br,Brasil,Bahia,Moraes da Prata
b625d4e2-cd37-4f24-a4ed-4afba1661c32,Valentim Lopes,valentimlopes@outlook.com,Brasil,Roraima,Mendes
842c5f82-a07c-4e4e-8d5f-2f5a31602243,Dr. Henrique Farias,drhenriquefarias@hotmail.com,Brasil,Rondônia,Martins
56a081ef-a321-4a2e-bede-8461dd349a9b,Ravi Nogueira,ravinogueira@gmail.com,Brasil,Rio Grande do Norte,Araújo de Teixeira
a4fb6f5f-7076-4549-905a-dc4b30b3a4ce,Thales Ferreira,thalesferreira@hotmail.com,Brasil,Rio Grande do Norte,Camargo do Oeste
39a3a5d1-ab7f-4d4c-bb82-56601f3e2af8,Joana Leão,joanaleão@yahoo.com.br,Brasil,Tocantins,Vieira
cc20fbf1-3692-4212-9823-d31a33cb51c8,Henry Gabriel Barbosa,henrygabrielbarbosa@yahoo.com.br,Brasil,Ceará,Correia de Rodrigues
fdafb4c2-e50c-42d7-afae-eade0551e54c,Cecília Pimenta,cecíliapimenta@gmail.com,Brasil,Rio Grande do Sul,Pacheco
5d7647ad-989b-49b1-bc12-47d39cc935bb,Anna Liz da Conceição,annalizdaconceição@gmail.com,Brasil,Piauí,Gomes da Serra
6bd95091-d631-4048-9a71-92706c13d7a3,Maria Julia Monteiro,mariajuliamonteiro@outlook.com,Brasil,Ceará,Aparecida Alegre
bd053113-eb9e-484a-ad47-026769f46e3d,Bryan Andrade,bryanandrade@gmail.com,Brasil,Rio Grande do Sul,da Rocha de Oliveira
6826ab43-7909-4014-8e48-cee31f96b62a,Ryan Cavalcanti,ryancavalcanti@hotmail.com,Brasil,Amazonas,Azevedo do Amparo
208593f2-09c7-4140-ada0-01af47c25689,Isabella Cassiano,isabellacassiano@hotmail.com,Brasil,Pernambuco,Correia
79cd650b-19eb-412b-b782-8cecb71b727f,Lucas Gabriel Porto,lucasgabrielporto@outlook.com,Brasil,Amazonas,Silveira de Minas
25757535-44a1-4708-a86a-2e89904df313,Nicole da Mata,nicoledamata@outlook.com,Brasil,São Paulo,Silveira
822b959d-c206-4ebd-9f77-74a7de327677,Sr. Luiz Henrique Cassiano,srluizhenriquecassiano@outlook.com,Brasil,Piauí,Porto
22685218-260b-495e-9313-9ca04c6ffb55,Gael Henrique Moraes,gaelhenriquemoraes@hotmail.com,Brasil,Rio de Janeiro,Pastor
eb5ae742-f29b-4ff8-ae1a-62894c9b8a1f,Ana Liz Albuquerque,analizalbuquerque@gmail.com,Brasil,Bahia,Novaes Alegre
931a218d-8e3d-4dab-9ad4-c441b0722a84,Júlia Câmara,júliacâmara@hotmail.com,Brasil,Sergipe,Fogaça Alegre
ca956442-b89d-4f73-a5ec-c839f28df81d,Alice Freitas,alicefreitas@gmail.com,Brasil,Goiás,Sales dos Dourados
11c0ff93-5262-4c48-856c-775a8d18fad3,Diego Correia,diegocorreia@hotmail.com,Brasil,Amapá,Marques da Prata
1aea888c-9244-4ba4-aeeb-b3096d7151bb,Beatriz Teixeira,beatrizteixeira@yahoo.com.br,Brasil,Acre,Azevedo
d03254d7-f281-4d88-8373-8162a3849047,Olívia Andrade,olíviaandrade@hotmail.com,Brasil,Piauí,Casa Grande do Norte
b7814d53-a261-47c4-9273-cf8027c31474,Dr. Daniel Vargas,drdanielvargas@hotmail.com,Brasil,Ceará,Cunha
c18beff7-faa4-4764-aa43-ae423a87971d,Enzo Gabriel Gonçalves,enzogabrielgonçalves@gmail.com,Brasil,Goiás,Siqueira do Amparo
ab8ebc46-eeae-496e-b9a9-030aefe86deb,Bianca Camargo,biancacamargo@gmail.com,Brasil,Roraima,Fernandes
47ac3597-fb55-4340-ad55-dc0e8fdb0039,Thiago Carvalho,thiagocarvalho@gmail.com,Brasil,Ceará,Almeida de Goiás
87c9d4b8-e729-431d-9457-163e614b1c82,Maria Luísa Fogaça,marialuísafogaça@outlook.com,Brasil,Distrito Federal,Monteiro
0d352ad5-62ec-452d-aa29-75a20e21c446,Heitor Borges,heitorborges@outlook.com,Brasil,Acre,Vasconcelos
17cb4cfa-d27f-4b00-94de-b236affb7966,Catarina Lima,catarinalima@yahoo.com.br,Brasil,Espírito Santo,Campos
ea5c98da-5771-4b84-b1b0-75a7c29d9a30,Henry Gabriel Mendes,henrygabrielmendes@gmail.com,Brasil,Paraíba,Mendes Verde
263d2685-11b9-4bf6-bde6-030ecae887da,Joana Martins,joanamartins@hotmail.com,Brasil,Rio Grande do Norte,Cunha Verde
ebd8e71f-feef-45c1-bf42-e0d313292535,Maria Julia Sá,mariajuliasá@hotmail.com,Brasil,Distrito Federal,Novais
8b4e6267-b50b-48f9-a49b-f1309829d5c4,Arthur Guerra,arthurguerra@hotmail.com,Brasil,Mato Grosso do Sul,Teixeira do Norte
100f796a-2cb2-4188-b72e-ab470bd27862,Ana Liz da Rosa,analizdarosa@gmail.com,Brasil,Tocantins,Rezende
d97bd46d-ac49-434f-953a-a933671a1e21,Ana Cecília Ramos,anacecíliaramos@outlook.com,Brasil,Rio de Janeiro,Araújo de Minas
7cc98bcf-4c33-4fe7-b373-8ec5f30ff769,Yan da Rosa,yandarosa@outlook.com,Brasil,Rondônia,Campos dos Dourados
b7a64a13-4674-4901-af11-3a3409c57601,Ravy Pinto,ravypinto@hotmail.com,Brasil,Mato Grosso,Siqueira das Flores
d5297216-f258-4c27-9d3a-e2ed3f0d8c42,Sra. Elisa Ramos,sraelisaramos@outlook.com,Brasil,Ceará,Costela
c0231700-517b-476d-af2a-b9958e2c2d11,Sr. Murilo Rodrigues,srmurilorodrigues@gmail.com,Brasil,Mato Grosso,Aragão
5a5d5ccd-3363-46dd-b369-20c0f50ffbcb,Apollo Cavalcanti,apollocavalcanti@yahoo.com.br,Brasil,Pará,Pinto
fa9f539e-ca9a-4c74-867d-16a43b0b7734,Yago Montenegro,yagomontenegro@outlook.com,Brasil,Alagoas,Ferreira de Mendes
24fcb7e1-2cd9-406c-8e44-e23dc2fa0c3a,Marcos Vinicius Freitas,marcosviniciusfreitas@yahoo.com.br,Brasil,Goiás,da Cruz
0e964722-4f8c-4b1a-8051-03c508209ce6,Maria Cecília Nogueira,mariacecílianogueira@outlook.com,Brasil,Mato Grosso,Cardoso
cdbab35e-3795-4321-8901-71560a43f834,Júlia Freitas,júliafreitas@gmail.com,Brasil,Rio de Janeiro,Jesus
8814ad10-3545-45b5-8d74-fa1bc933e392,Pedro Henrique Gomes,pedrohenriquegomes@hotmail.com,Brasil,Rio de Janeiro,da Luz
0c2f219b-c720-4345-adfc-4da09c326f43,Enrico Ramos,enricoramos@yahoo.com.br,Brasil,Rio Grande do Sul,Pereira Verde
77d3b30d-fb7c-4339-bd43-ca9ccadffe8d,Breno Camargo,brenocamargo@gmail.com,Brasil,Rio Grande do Norte,Rios de das Neves
6d6a887d-f983-4c09-90b8-0326e71d84fd,Heloísa Freitas,heloísafreitas@yahoo.com.br,Brasil,Mato Grosso do Sul,Moreira
9bfef4f8-5d27-479b-bb4c-7c47cfe9fd1f,Murilo da Cruz,murilodacruz@hotmail.com,Brasil,Rio Grande do Sul,Dias do Galho
658c8f41-4a58-4019-84e0-912eabd353b6,Joana Moraes,joanamoraes@gmail.com,Brasil,Mato Grosso do Sul,Azevedo
d1bf5cf3-4eed-4d89-8db2-12e09ecbe174,Emanuella Guerra,emanuellaguerra@yahoo.com.br,Brasil,Rondônia,Cavalcante
b6c2106f-1ad2-4b49-ba3a-19ea88433c07,Carolina Borges,carolinaborges@yahoo.com.br,Brasil,Roraima,Fonseca
d5b841a7-9231-402f-9fc8-bac61eeb4d53,Ayla Ferreira,aylaferreira@gmail.com,Brasil,Paraíba,Silva da Mata
be403ee5-0e5a-41af-ab0f-59a4b0ff0faf,Dr. Rafael Freitas,drrafaelfreitas@outlook.com,Brasil,Amapá,Rodrigues Alegre
7b4bdef8-4062-4314-9009-b6871667e7c1,Pedro Lucas Carvalho,pedrolucascarvalho@hotmail.com,Brasil,Rio Grande do Norte,Mendonça Verde
5be74f1f-5271-43fb-a1b7-28facfb56606,Ayla Melo,aylamelo@outlook.com,Brasil,Paraíba,Oliveira
8853142e-c3e1-4891-a90b-0cf6a4edae50,Clarice Peixoto,claricepeixoto@outlook.com,Brasil,Rio Grande do Sul,Santos Verde
56410f94-e4fe-4654-8d38-f9bf94baf84c,Maria Laura Garcia,marialauragarcia@yahoo.com.br,Brasil,Distrito Federal,Carvalho de Vasconcelos
ded227ec-f536-4e53-a725-acd93c5fb2b1,Catarina Teixeira,catarinateixeira@hotmail.com,Brasil,Alagoas,Fonseca do Oeste
9ed1fe27-20cd-4ea8-91e8-d13ae3907e88,Carolina Farias,carolinafarias@yahoo.com.br,Brasil,Amapá,Fogaça
92960de3-8fcc-43c3-8b81-ce27074f0785,Liz Fonseca,lizfonseca@yahoo.com.br,Brasil,Rio Grande do Sul,Ramos de Goiás
bacfd1cb-c3f0-48b6-8fff-1597e95c2bc3,Liz Nogueira,liznogueira@hotmail.com,Brasil,Rio de Janeiro,Casa Grande de Moreira
f1849195-f788-4425-9a73-251f88656d5f,Heitor Ferreira,heitorferreira@yahoo.com.br,Brasil,Rio Grande do Sul,Borges do Sul
3378605a-c0ba-40ba-9432-80ed9e2c1f15,Natália Campos,natáliacampos@gmail.com,Brasil,Mato Grosso do Sul,da Mata
6a51b096-fa0e-4470-a4ac-fbc49b03b9bb,Clara da Mota,claradamota@outlook.com,Brasil,Alagoas,Rodrigues
a8284755-c75b-4cc0-8f1e-51b03b5cfcac,Eloá Costela,eloácostela@hotmail.com,Brasil,Espírito Santo,Monteiro
8d9610bf-b4b7-4b5b-bc8a-7e1587a8ad88,Alícia Mendonça,alíciamendonça@gmail.com,Brasil,Goiás,Cassiano
42b9ad7c-4157-4a46-a3b5-8e2e74e870ab,Maria Liz Almeida,marializalmeida@yahoo.com.br,Brasil,Mato Grosso,Pacheco de Alves
0d2b99aa-0c78-4813-a445-07210b312ac2,Laís Cassiano,laíscassiano@hotmail.com,Brasil,Goiás,Borges
7248f817-1f4d-48df-8791-605e081443c1,Clarice Alves,claricealves@yahoo.com.br,Brasil,Pará,Moraes
1254ec6f-382e-4d4e-8071-b9023a0f2afc,Sra. Emilly Abreu,sraemillyabreu@yahoo.com.br,Brasil,Rio Grande do Norte,Correia do Norte
59ca53f4-67f6-4a1f-977e-20aaf602b4dc,Henry Gabriel Vargas,henrygabrielvargas@gmail.com,Brasil,Paraíba,Campos
413a1e8b-2b38-4b53-873a-ab54f78b842c,Olivia Campos,oliviacampos@yahoo.com.br,Brasil,Acre,Lopes da Prata
892163b6-cea8-46b6-9e90-c9d6af02e2e8,Dra. Aurora Casa Grande,draauroracasagrande@gmail.com,Brasil,Pará,Novais
9774d5ae-2263-45d3-88c2-6c43c7da4f7d,Maria Eduarda da Costa,mariaeduardadacosta@outlook.com,Brasil,Mato Grosso,Silva
ff6c7a5a-117e-4a92-93e8-a5cdf828288a,Vicente da Cruz,vicentedacruz@yahoo.com.br,Brasil,Mato Grosso,Costela de Barros
4eb61adc-31f0-40ec-85eb-0c74c8aaa559,Alice Fogaça,alicefogaça@hotmail.com,Brasil,Tocantins,Casa Grande
7783c562-1b4f-47c2-ae94-6599f20e31b1,Jade Porto,jadeporto@yahoo.com.br,Brasil,Ceará,Oliveira
36a41ee0-1663-4cc8-a087-910f829cce20,João Caldeira,joãocaldeira@outlook.com,Brasil,Espírito Santo,das Neves
c70ae6fd-a0a8-45fb-917e-27094c4d1810,Isabella Sousa,isabellasousa@yahoo.com.br,Brasil,Rio Grande do Norte,Abreu
9febdd6f-63dc-4d7c-a8bf-0c214904e2a2,Enzo Moreira,enzomoreira@yahoo.com.br,Brasil,Sergipe,Lopes das Pedras
d712124b-40d8-4756-9c86-f264ed300db8,Maria Julia Novais,mariajulianovais@yahoo.com.br,Brasil,Acre,Nascimento
269eb9ed-9393-409f-859a-8fd9b687a29e,Sr. Otávio Porto,srotávioporto@gmail.com,Brasil,Mato Grosso,Caldeira de Novaes
594fa781-1bdc-4386-a6a3-cb7222cd1ce6,Dr. Gustavo Dias,drgustavodias@gmail.com,Brasil,Rondônia,Cavalcante da Praia
7fc346d2-87ac-4c95-9398-e6bdb320f87b,Brenda das Neves,brendadasneves@gmail.com,Brasil,Sergipe,Teixeira do Oeste
c3ea5d19-432d-4f65-8452-f7cc36eb21bc,Mateus da Mota,mateusdamota@hotmail.com,Brasil,Pernambuco,Pastor
3aee2896-f4ae-423f-a957-777e741d95a9,João Gabriel Almeida,joãogabrielalmeida@gmail.com,Brasil,Piauí,Nunes
f46c023c-2105-4cd2-95c1-7128ef37d124,Esther Gonçalves,esthergonçalves@hotmail.com,Brasil,Maranhão,Cavalcante
e532136c-180e-4a4a-8d17-9bd30ddaa6e2,Lara Caldeira,laracaldeira@yahoo.com.br,Brasil,Amapá,Andrade da Serra
6ad517c3-0101-4b2e-b26e-cbe6e00f3af9,Sr. Danilo Correia,srdanilocorreia@gmail.com,Brasil,São Paulo,Cirino da Serra
9a707a98-0f04-4599-9d29-ddec6b832385,Daniel Gonçalves,danielgonçalves@gmail.com,Brasil,Ceará,Cavalcanti da Serra
f07e43cd-0811-4606-9433-de874d51f37a,Emanuella Jesus,emanuellajesus@hotmail.com,Brasil,Maranhão,Azevedo
0ef958d2-28e7-4749-a3a9-b39713bf247c,Isaque Freitas,isaquefreitas@yahoo.com.br,Brasil,Rondônia,Duarte do Galho
c320f9b9-e81e-4a77-b588-7d325bc469f7,Kevin Caldeira,kevincaldeira@gmail.com,Brasil,Mato Grosso,Moura do Amparo
8994c68a-9530-4757-b6d2-bd4190545321,Murilo Costa,murilocosta@yahoo.com.br,Brasil,Piauí,Leão Paulista
a5e33d42-e155-443e-9763-4f0bc23c7fb7,Srta. Ana Laura Garcia,srtaanalauragarcia@hotmail.com,Brasil,Rio Grande do Norte,Carvalho
d630d7ef-e0cf-4485-80ed-c458aeb7d540,Eduardo Martins,eduardomartins@hotmail.com,Brasil,Roraima,Caldeira
e3507029-a939-4603-b429-de8be27327fb,Igor Silveira,igorsilveira@yahoo.com.br,Brasil,São Paulo,Nunes Alegre
5a129fe7-81fd-4154-b101-23fa85c30cc2,André Camargo,andrécamargo@gmail.com,Brasil,Mato Grosso do Sul,Nascimento da Serra
ce33dfe4-7e2d-48e0-bcd5-7a46a1049c07,Sr. Mathias Freitas,srmathiasfreitas@yahoo.com.br,Brasil,Rio de Janeiro,Brito Grande
6dc1fdd2-b848-4b48-823a-b359a740e722,Stephany Santos,stephanysantos@hotmail.com,Brasil,Sergipe,Marques Verde
847ac27f-9837-432d-9d3a-df659e596bdc,Maria Clara Sousa,mariaclarasousa@outlook.com,Brasil,Rio Grande do Sul,Campos
daee2c34-fdcc-4972-ae86-d9da723a5dfb,Daniel Peixoto,danielpeixoto@hotmail.com,Brasil,Rio Grande do Sul,Souza
f841aa11-11c1-4b4b-95ee-33af61713461,Dr. Gustavo Jesus,drgustavojesus@gmail.com,Brasil,Amazonas,Souza
07ec6e3c-6f1b-4cad-a8de-84d845459b4a,Sra. Alexia Barros,sraalexiabarros@gmail.com,Brasil,Santa Catarina,Martins
377e467f-0c40-49de-989d-01a2c39189dd,Mariane Santos,marianesantos@hotmail.com,Brasil,Rio Grande do Sul,Cavalcante dos Dourados
0d2b67da-4343-4abc-8c97-500a33cf4dae,Asafe da Cunha,asafedacunha@yahoo.com.br,Brasil,Roraima,Vasconcelos
5dea44a7-de6b-45d4-bc4d-8cbdcd0bbda6,Isaac Martins,isaacmartins@gmail.com,Brasil,Bahia,Sá
12fc1cf7-c0c7-42b0-a7d0-545894a9b60f,Ana Leão,analeão@yahoo.com.br,Brasil,Rio Grande do Sul,Sampaio Grande
dd6df684-8151-48ec-ae7b-f18450945be1,Vitória Cavalcante,vitóriacavalcante@hotmail.com,Brasil,Distrito Federal,Lima
8c1effc0-663e-4f5e-b1d7-12d214da5794,João Vitor Souza,joãovitorsouza@outlook.com,Brasil,Maranhão,Cassiano de Peixoto
9ad0ff48-f61d-4b9b-abc1-2e958672ce02,Maria Júlia Cavalcanti,mariajúliacavalcanti@gmail.com,Brasil,Rio Grande do Norte,Martins da Praia
3080e483-947a-44b2-857b-8d840a1f9509,Isadora da Cruz,isadoradacruz@hotmail.com,Brasil,Pernambuco,Martins
14183d10-d71e-4278-a1ad-8f989e081e61,Yan da Mota,yandamota@hotmail.com,Brasil,Sergipe,da Mota Paulista
1b282cbe-65c1-4e48-973a-367667795818,Marcos Vinicius Nogueira,marcosviniciusnogueira@outlook.com,Brasil,Ceará,Teixeira do Norte
b0395a63-fe06-4e05-8a10-2d819c0c2670,Nathan Viana,nathanviana@yahoo.com.br,Brasil,Santa Catarina,Barros
7729c5bc-39c0-4d19-99f0-66549f7d8111,Sophia Martins,sophiamartins@hotmail.com,Brasil,Rio Grande do Norte,Barros
22bb9fe6-9622-4a12-ad80-e94f5bdb02d2,Luna Mendes,lunamendes@outlook.com,Brasil,Distrito Federal,Nogueira
f521fe56-e3a6-4d36-a248-808027edcefc,Maitê Pastor,maitêpastor@outlook.com,Brasil,Maranhão,Sales
33e3cc04-e553-480b-9013-5d579613bcf1,Nina da Cunha,ninadacunha@gmail.com,Brasil,Mato Grosso,Lopes
d0c77e11-03b8-44d2-826b-9170569cbc3e,Heitor Câmara,heitorcâmara@outlook.com,Brasil,Distrito Federal,Carvalho de Araújo
55bab815-00ae-40c2-893a-ad16aed311c2,Ana Monteiro,anamonteiro@yahoo.com.br,Brasil,Piauí,Ferreira de Jesus
3a8c6656-c819-47e3-8d09-0ab80518f66f,Ana Beatriz Cavalcante,anabeatrizcavalcante@yahoo.com.br,Brasil,Mato Grosso do Sul,Moreira do Amparo
68b683b2-89f8-44ef-9049-8d005c2922b1,Ana Sophia Souza,anasophiasouza@hotmail.com,Brasil,Acre,Costela
66110726-2485-4f72-89b3-98f57c833141,Vinicius Cirino,viniciuscirino@yahoo.com.br,Brasil,Bahia,Farias
4f21afca-a0ac-4c8e-a52f-420642f7443e,Carolina Farias,carolinafarias@hotmail.com,Brasil,Rondônia,Carvalho dos Dourados
bb790ed8-ee28-4824-b4e9-b7cec28af555,Théo Dias,théodias@gmail.com,Brasil,Paraíba,Moraes de Mendes
6cdd28fb-f9ae-468d-85e3-18948bbebcc1,Sra. Maria Helena Moraes,sramariahelenamoraes@yahoo.com.br,Brasil,Rio Grande do Sul,da Rosa do Campo
47bfe860-42f1-48ac-80c0-35820fd62ed8,Ana Júlia Lopes,anajúlialopes@gmail.com,Brasil,Mato Grosso,da Costa
734dc764-528e-4eed-8268-0ff3b6ef0fd2,Theo Vasconcelos,theovasconcelos@yahoo.com.br,Brasil,Bahia,Rodrigues
ad4d7cc8-6099-467c-be0d-a0333fb9544c,Dr. Vinicius Jesus,drviniciusjesus@gmail.com,Brasil,Maranhão,da Mata
aaa98b1c-25a4-4e39-a0db-fb93808677a2,Júlia Pinto,júliapinto@yahoo.com.br,Brasil,Mato Grosso,Fonseca das Flores
ab8987b1-b8cf-4041-8160-01f867075c4e,Antônio Souza,antôniosouza@hotmail.com,Brasil,Bahia,Nunes do Oeste
7e1026fb-4f3b-4de5-825d-c79346457b25,Luiz Otávio Oliveira,luizotáviooliveira@hotmail.com,Brasil,Mato Grosso,Lima de Gonçalves
08a98970-26c3-4116-a239-391933117b98,Ana Vitória Dias,anavitóriadias@outlook.com,Brasil,Maranhão,Pires de Santos
68e7f1de-617f-4726-8278-2661686f0b59,Heitor Gomes,heitorgomes@hotmail.com,Brasil,São Paulo,Duarte da Prata
99a56da8-f672-49dc-b4a9-4618a63ed182,Francisco Vargas,franciscovargas@yahoo.com.br,Brasil,Piauí,Gomes das Flores
1b0396af-9ffd-4027-a849-dfdf91fb796a,Sra. Rafaela das Neves,srarafaeladasneves@yahoo.com.br,Brasil,Minas Gerais,Rocha do Campo
bd2dc95b-4639-4cdb-9ca4-aef4f4883574,Melina Farias,melinafarias@outlook.com,Brasil,São Paulo,Rodrigues de Minas
1b735a18-7410-4e45-a320-6376b16a10da,Gabriel Campos,gabrielcampos@yahoo.com.br,Brasil,Bahia,Azevedo
3c582a85-1fd4-4e30-b538-e017f9e643be,Enrico Casa Grande,enricocasagrande@gmail.com,Brasil,Mato Grosso,Garcia da Prata
7107d1aa-7d11-4df1-ac25-ceb09e747239,Maria Eduarda Carvalho,mariaeduardacarvalho@hotmail.com,Brasil,Espírito Santo,Fonseca de Goiás
5d6d312f-b11e-48a4-935e-d2377c7cbaca,Alexandre Camargo,alexandrecamargo@gmail.com,Brasil,Pará,Gomes de Castro
a57f1895-d2fb-4418-940c-869e338694b1,Sr. Anthony Cavalcante,sranthonycavalcante@outlook.com,Brasil,Roraima,Pires
05607ccb-9290-420f-a751-bba02ff8e730,Matheus Gomes,matheusgomes@gmail.com,Brasil,Rio de Janeiro,Moreira do Sul
9c7d9f6d-761e-4069-b6e6-782565205143,Sabrina Moreira,sabrinamoreira@gmail.com,Brasil,Mato Grosso do Sul,Caldeira
8b84dc98-f78a-4213-a7d1-5edf0913de04,Renan Azevedo,renanazevedo@yahoo.com.br,Brasil,Rondônia,Rocha do Oeste
833f43f1-109a-4ad6-bb27-19f6affda4d8,Pedro Miguel Aragão,pedromiguelaragão@hotmail.com,Brasil,Alagoas,da Costa
cf366ac4-9b29-4199-89a6-7aebbbd333d9,Vitória Andrade,vitóriaandrade@gmail.com,Brasil,Roraima,Fogaça
d9d37df2-df0c-4d47-80d6-c7105e411526,Vinicius Montenegro,viniciusmontenegro@outlook.com,Brasil,Distrito Federal,Marques de Goiás
dde679a8-499e-46d1-88ea-f63bc28c8603,Nicolas Novais,nicolasnovais@gmail.com,Brasil,Mato Grosso,Souza
9b021344-eb93-4779-a80f-744e4e2b4bae,Ravi Sampaio,ravisampaio@hotmail.com,Brasil,Rio Grande do Sul,Câmara das Pedras
925872ef-864b-4fd1-b800-e99bf717a1cc,Augusto Ramos,augustoramos@yahoo.com.br,Brasil,Amapá,Abreu de Fonseca
56c2f1cd-8a4c-4a51-99f9-d44d3d12be28,Sabrina Camargo,sabrinacamargo@yahoo.com.br,Brasil,Espírito Santo,Oliveira do Oeste
fd6d7090-6151-4882-8dbb-96a3c673dde9,Sabrina Montenegro,sabrinamontenegro@outlook.com,Brasil,Rio Grande do Norte,Cavalcanti de Minas
3ffd9d30-7ec6-458d-9a41-a83e0ac4eb2c,Sra. Catarina Cunha,sracatarinacunha@outlook.com,Brasil,Roraima,Rocha de Minas
07bdc301-2477-41bf-ace4-3aa6fdecf348,Maria Luísa da Luz,marialuísadaluz@yahoo.com.br,Brasil,Amapá,Cassiano Paulista
7c9f2c58-1f08-4719-85dd-912e50055eba,Enzo Vieira,enzovieira@gmail.com,Brasil,Amapá,Ribeiro
758f7527-91f8-46ca-9b29-b66c52b94fc6,Srta. Valentina Ramos,srtavalentinaramos@gmail.com,Brasil,Amazonas,Carvalho do Norte
861344d5-e711-4aaa-b0c8-7f02642a4264,Lívia Farias,líviafarias@yahoo.com.br,Brasil,Espírito Santo,Azevedo Paulista
294a36a5-a88a-4617-8ed7-ffc7fcb9034e,Sr. Thomas Vargas,srthomasvargas@hotmail.com,Brasil,Alagoas,da Paz das Pedras
cb19b79f-5ea7-4f26-a2ca-548890b1fc44,Juan Fogaça,juanfogaça@outlook.com,Brasil,Amapá,Oliveira de Cavalcante
dbebdcee-f619-44ad-b0e9-54f07e698102,Dr. Levi da Cruz,drlevidacruz@gmail.com,Brasil,Mato Grosso,Mendonça do Oeste
9fd80dcc-17c8-4ab1-9d54-4c4f85b63bcd,Hellena Rocha,hellenarocha@outlook.com,Brasil,Distrito Federal,Macedo da Mata
8e0d26c9-ac07-4ae3-bd37-9441c7f8535f,Manuella Vieira,manuellavieira@hotmail.com,Brasil,Mato Grosso,Fonseca do Oeste
b4451322-8440-4784-9bee-59b4c9cb45a0,Camila Gonçalves,camilagonçalves@yahoo.com.br,Brasil,Minas Gerais,Pacheco do Oeste
4de769d7-0f5d-4983-b533-09f59f6eda66,Dr. Davi Lucca Moraes,drdaviluccamoraes@outlook.com,Brasil,Distrito Federal,Nascimento
f5bc647c-8a7e-48ab-b51d-07cab1acb01a,Davi Miguel Novaes,davimiguelnovaes@outlook.com,Brasil,Sergipe,Nascimento do Norte
ece8db01-f1dc-4145-b69b-b2b98761df95,Rafael Cirino,rafaelcirino@hotmail.com,Brasil,Alagoas,Oliveira
54613ea6-9ccd-4ac4-b0aa-6648bd6bec32,Arthur Cunha,arthurcunha@yahoo.com.br,Brasil,Rio Grande do Norte,Barbosa Alegre
4b836e93-06f5-4116-adc1-f2868ee03e10,Nicolas Marques,nicolasmarques@yahoo.com.br,Brasil,Paraná,Farias das Pedras
878c3897-c3be-46c9-9f3d-f4e64afed6bc,Theo Farias,theofarias@hotmail.com,Brasil,Mato Grosso do Sul,Moreira
e84d5d03-894b-4a6c-a75b-7e54a84e0918,Augusto da Cunha,augustodacunha@hotmail.com,Brasil,Alagoas,Nogueira
e5df9e85-cc33-48c6-9f89-c1234d30ee93,Marcos Vinicius Sales,marcosviniciussales@hotmail.com,Brasil,Tocantins,das Neves
825d9ea3-827c-4f7c-950e-917027577457,Isabella Pereira,isabellapereira@yahoo.com.br,Brasil,Paraíba,da Conceição da Prata
fed203b6-e01a-4dab-9152-c024d96e1198,Antonella Brito,antonellabrito@gmail.com,Brasil,Amapá,Santos
2529ab2b-f663-4bec-85af-8aa9fe9ad64b,Maria Sophia Pinto,mariasophiapinto@gmail.com,Brasil,Minas Gerais,Pinto
f0fbe185-1e4d-46cd-82e6-b22d4c242e7f,Arthur Miguel Fernandes,arthurmiguelfernandes@hotmail.com,Brasil,Goiás,Novais
f826d3df-b8be-4ee9-93c8-22b599d474ae,Srta. Catarina da Conceição,srtacatarinadaconceição@yahoo.com.br,Brasil,Maranhão,das Neves
8e3d8bac-6311-47c2-a586-33f9431b9b06,Marcela Porto,marcelaporto@hotmail.com,Brasil,Distrito Federal,Campos de Nogueira
d827fa1e-ca4c-4975-a6e9-fb044696a60c,Rhavi da Mota,rhavidamota@outlook.com,Brasil,Paraná,Correia Grande
29750cbc-d575-4dbe-930b-c87cd040d0f4,Sra. Sophia da Rocha,srasophiadarocha@yahoo.com.br,Brasil,Acre,Novaes de Minas
05b21ee6-1445-4cf9-9947-f670f89858b3,Camila Rodrigues,camilarodrigues@gmail.com,Brasil,Maranhão,Moraes da Serra
389760d8-5175-42ae-b761-c7b541ab3488,Sr. Rafael Cavalcanti,srrafaelcavalcanti@outlook.com,Brasil,Acre,Porto do Oeste
487df840-5932-434f-a573-f65e8e2ea7fd,Fernando Gonçalves,fernandogonçalves@outlook.com,Brasil,Espírito Santo,da Mata
1d318274-ed05-42f8-a904-4a8f6b2feb57,Ísis Cavalcante,ísiscavalcante@gmail.com,Brasil,Espírito Santo,da Rocha
63228d78-7069-4b14-b025-c09513288424,Davi Rocha,davirocha@outlook.com,Brasil,Minas Gerais,Pastor
530b6a82-92bf-4e55-a14b-5c8e3d60f03a,Clarice Cassiano,claricecassiano@hotmail.com,Brasil,Rio Grande do Sul,Nunes
2540a37e-7332-4eed-86b7-057b4ca7a471,Sra. Eloá Monteiro,sraeloámonteiro@yahoo.com.br,Brasil,Paraíba,Santos
ae4ac3a2-9962-4151-88c4-ce79a8d23845,Ísis Ferreira,ísisferreira@outlook.com,Brasil,Pernambuco,Castro
5415a7a7-19fa-4065-86a9-c7bab6faba22,Otávio da Luz,otáviodaluz@hotmail.com,Brasil,Rio de Janeiro,Aragão da Prata
b5a27fd5-2be3-4658-86d1-f28c8594a647,Juan Martins,juanmartins@outlook.com,Brasil,Rio de Janeiro,Nascimento
0c18f837-735c-48d9-a745-d93029661c60,Sr. Gabriel Moura,srgabrielmoura@outlook.com,Brasil,Sergipe,Azevedo
239847bc-ed9f-4704-845d-03d505e68c5c,Luigi Vieira,luigivieira@outlook.com,Brasil,Bahia,da Mota
78746a9d-74fc-4390-9f17-1f6d3a445a16,Gael Sá,gaelsá@outlook.com,Brasil,Roraima,Novais de Oliveira
537b20c4-14ec-4f37-82cd-68703fcf005f,Srta. Ana Luiza Machado,srtaanaluizamachado@yahoo.com.br,Brasil,Sergipe,Melo
b2699d51-9304-41a4-87b9-d5e0fb2ca456,Bryan Camargo,bryancamargo@hotmail.com,Brasil,Pará,Correia de das Neves
760d6ed4-16a7-4073-a248-b064546c84a9,Mateus Rocha,mateusrocha@gmail.com,Brasil,Santa Catarina,Sales
7d05d830-db39-441b-bd4a-a3d666df76e5,Ravy Albuquerque,ravyalbuquerque@outlook.com,Brasil,Paraíba,Cirino
0eeb8209-e110-4f5d-9296-f968030d829f,Benicio Camargo,beniciocamargo@hotmail.com,Brasil,Goiás,Cirino
774d4689-b20a-4266-a628-6ff1c2a960b6,Bella Casa Grande,bellacasagrande@outlook.com,Brasil,Maranhão,da Paz
6c41555d-68af-4f91-8e22-b0d029e012a8,Danilo Novaes,danilonovaes@outlook.com,Brasil,Rio Grande do Norte,Nascimento Paulista
00bf9c56-cd6a-4e1e-b762-4991f447e026,Clarice da Conceição,claricedaconceição@hotmail.com,Brasil,Amazonas,da Cunha Grande
6411a6aa-6a84-454a-a900-959c98877544,Dr. Vinícius Ferreira,drviníciusferreira@gmail.com,Brasil,Mato Grosso,Guerra
c7ff6b16-3def-485c-8e1a-c7b8e6db8d83,Maria Luiza Leão,marialuizaleão@gmail.com,Brasil,Acre,Abreu de Macedo
d08ae083-0393-471d-915b-4965fd4c9567,Maria Eduarda Albuquerque,mariaeduardaalbuquerque@yahoo.com.br,Brasil,Ceará,Leão
34fe9c12-5bb4-4996-b5ee-f8d1cbda1c08,Júlia Silveira,júliasilveira@gmail.com,Brasil,Amazonas,Dias
f984f912-0fea-4354-8eb9-7a0b315ce5d8,Alexandre Castro,alexandrecastro@yahoo.com.br,Brasil,Minas Gerais,Sampaio da Prata
3912617c-015f-4299-b9ed-7315a399907d,Luigi Fernandes,luigifernandes@gmail.com,Brasil,Santa Catarina,Martins de Teixeira
78490521-acab-4fd5-bbef-78b48193e24e,Clarice da Cruz,claricedacruz@gmail.com,Brasil,Bahia,Nunes de Costa
a866bd9e-dceb-4fb0-aa31-21188d395135,Dom Machado,dommachado@hotmail.com,Brasil,Goiás,Moreira de Goiás
eacaac6b-2a0b-4909-843a-f12fa437e255,José Pedro Monteiro,josépedromonteiro@hotmail.com,Brasil,Paraná,Gomes
2be4a52c-aa66-47ae-8be3-b001d20a73fb,Thiago Teixeira,thiagoteixeira@gmail.com,Brasil,Pará,Machado
0e43e117-a111-4239-af1f-590e810bea4a,Manuella Moura,manuellamoura@yahoo.com.br,Brasil,Rio de Janeiro,Rodrigues de Marques
bf7c93f2-05b2-4540-a1a3-3ae0e8b8014d,Ana Cecília Sousa,anacecíliasousa@hotmail.com,Brasil,Santa Catarina,da Paz da Mata
cd5b6155-f4c9-4b88-91b1-4310c7f5167b,Catarina Sales,catarinasales@gmail.com,Brasil,Paraná,Lima do Campo
6631f185-9460-4b8e-8798-6c7acb8510a3,Dr. José Miguel Cavalcante,drjosémiguelcavalcante@hotmail.com,Brasil,Tocantins,Souza
817f1b1a-fa82-4d3e-b763-b265546093e4,Maria Helena Rodrigues,mariahelenarodrigues@outlook.com,Brasil,Sergipe,Vieira do Oeste
787b89f9-3449-4651-9a4c-c3ac299d307d,Maria Liz Fonseca,marializfonseca@gmail.com,Brasil,Roraima,Barros
780e2148-c49b-439c-90b0-75d21ab85995,Nicolas Mendes,nicolasmendes@outlook.com,Brasil,Pernambuco,Pinto
d918c2e0-6181-4c0b-82b3-dc82b4b25022,Valentim da Costa,valentimdacosta@outlook.com,Brasil,Rio Grande do Sul,Silveira de Minas
74f5fe2b-b176-4495-86cb-5bec30a42fe7,Laura Pires,laurapires@outlook.com,Brasil,Goiás,Alves de Minas
5efb01c1-0117-4f45-9e41-3af096a6c40d,Renan Pires,renanpires@gmail.com,Brasil,Rio Grande do Sul,Macedo do Campo
9035e82e-b44d-4b17-988c-7cd3d3ea5c5c,Vitor Cassiano,vitorcassiano@hotmail.com,Brasil,Paraná,Pereira
ab2ac462-3d43-46ad-9daa-63c204ee44a1,Maria Luísa Marques,marialuísamarques@gmail.com,Brasil,Distrito Federal,Correia Verde
8634c2ba-01ef-4249-ba16-bb87b0851afd,João Gonçalves,joãogonçalves@outlook.com,Brasil,Rio Grande do Sul,da Rosa Alegre
666aa0c5-8c59-4b2d-8e27-e17812a0240a,Asafe da Luz,asafedaluz@hotmail.com,Brasil,Distrito Federal,Novais da Mata
c87fc2ab-6a92-47e1-bbd8-f29dc19c46c9,Sra. Luana Cardoso,sraluanacardoso@hotmail.com,Brasil,Pernambuco,Oliveira de Albuquerque
2af6e214-9e83-4808-88c0-6887897ae443,Isabella Cirino,isabellacirino@gmail.com,Brasil,Goiás,Cavalcanti
3b61601f-c24d-437c-81b7-4aade4c0e798,Aurora Ramos,auroraramos@outlook.com,Brasil,Sergipe,Duarte
873adecc-9656-431e-bc6d-91a62f3c45fa,Brayan Costa,brayancosta@gmail.com,Brasil,Minas Gerais,Caldeira
f741ee78-3fa4-41a7-acd8-41b8774e03e6,Dra. Maria Helena Novaes,dramariahelenanovaes@outlook.com,Brasil,Rio de Janeiro,Oliveira da Serra
7000c725-7661-4106-af24-1652f36318af,Bernardo Silveira,bernardosilveira@yahoo.com.br,Brasil,Rio Grande do Norte,Castro
f7f8c20e-0ae7-4568-a315-02612dbd1c4e,Henrique Sales,henriquesales@hotmail.com,Brasil,Amapá,Pastor
a42fc7e7-3fc6-4866-b450-bee623d983db,Valentim Lima,valentimlima@yahoo.com.br,Brasil,Rondônia,Aragão
6a14516d-3bcd-4a8a-814d-1b5725c97ba8,Maitê Cardoso,maitêcardoso@yahoo.com.br,Brasil,Alagoas,Machado
0baf6217-0efa-40e3-9433-46d67f213bdd,Fernanda Sales,fernandasales@gmail.com,Brasil,Santa Catarina,Cassiano de Barbosa
7b3a52ab-3aa4-4431-a077-3d0c385d7167,Ana Melo,anamelo@yahoo.com.br,Brasil,Tocantins,Dias Verde
ff24878f-7402-44c9-b9b8-62dd62642ac2,Isadora da Rocha,isadoradarocha@hotmail.com,Brasil,Rio Grande do Sul,Nunes do Campo
aeb09b77-1d9c-47f8-8672-ab2a4a5384bf,Carolina Mendonça,carolinamendonça@hotmail.com,Brasil,Rio Grande do Sul,da Luz de Jesus
02269d64-b790-484d-b18c-d3228ed00d5d,Carolina Campos,carolinacampos@gmail.com,Brasil,Pará,Pastor
5572a13d-d1f6-4265-b830-9494864b2c79,Ana Lívia Novais,analívianovais@yahoo.com.br,Brasil,Sergipe,Farias
d9366944-48ec-4191-b1fd-69fb83170f20,Rodrigo Lopes,rodrigolopes@yahoo.com.br,Brasil,Distrito Federal,Guerra das Pedras
a2436d7b-6bc3-4d2e-bb8c-cd3645e5ac71,Sra. Ana Cecília Marques,sraanacecíliamarques@gmail.com,Brasil,Amapá,Cirino
583f06ce-3fdc-4dd7-b0de-e204acbd9d7e,Paulo Almeida,pauloalmeida@hotmail.com,Brasil,Amazonas,Aragão
7fb7fb4c-1c1c-47ea-ba69-091b04175fba,Esther Casa Grande,esthercasagrande@yahoo.com.br,Brasil,Bahia,Abreu
4e454ec2-b9a7-44f8-ad5b-d96e7844c6ec,Dr. Léo Vasconcelos,drléovasconcelos@yahoo.com.br,Brasil,Ceará,Moreira de Freitas
7b65dd96-ab9b-4237-808e-5ddb294ebee8,Yago Fogaça,yagofogaça@yahoo.com.br,Brasil,Paraná,Fernandes da Prata
e6942dd6-245b-4a9f-917a-86d337b6d60d,Calebe Teixeira,calebeteixeira@gmail.com,Brasil,Paraná,Cunha
12984cae-1d24-4f0c-ad23-659b2cbcac96,Yago Ferreira,yagoferreira@gmail.com,Brasil,Acre,Cassiano de Silveira
04ded9b1-16b2-4eac-b484-6f82fea63434,Augusto Teixeira,augustoteixeira@outlook.com,Brasil,Amazonas,Guerra Alegre
2dcddada-4832-441d-96c1-7e1207331ac0,Sr. Gael Oliveira,srgaeloliveira@hotmail.com,Brasil,Rio Grande do Sul,Guerra
5457740c-9aa9-42f6-96ea-dd1c510bdbf5,Emanuelly Barbosa,emanuellybarbosa@yahoo.com.br,Brasil,Rio de Janeiro,da Cunha
ff29d586-c877-44a8-915d-ea9d34ae7a06,Dra. Isabelly da Cunha,draisabellydacunha@yahoo.com.br,Brasil,Pernambuco,Lopes das Flores
ab6b6874-0517-4ba8-912a-4661d4c9e0e0,Nicole Caldeira,nicolecaldeira@yahoo.com.br,Brasil,Bahia,Martins
f04eb146-db1f-462b-ac68-fc269e411078,Fernanda Vieira,fernandavieira@hotmail.com,Brasil,Amapá,Ribeiro
dee99add-bf39-4d3a-9497-5adfff6b4cdf,Stella Moraes,stellamoraes@yahoo.com.br,Brasil,Bahia,Azevedo do Oeste
92a9430f-cbf5-4e3b-8071-276d2d306db7,Danilo Duarte,daniloduarte@gmail.com,Brasil,Tocantins,Silveira de Goiás
969b5b8b-4c15-4d74-a199-36dd65191971,Dra. Isabella Campos,draisabellacampos@yahoo.com.br,Brasil,São Paulo,Almeida
f47436b3-6835-4c05-b502-c2ac964e559a,Isaac Ferreira,isaacferreira@gmail.com,Brasil,Pernambuco,Rezende
9362e6bb-b29f-42fe-8382-3d99f7a7afa7,Sr. Paulo Vieira,srpaulovieira@gmail.com,Brasil,Rondônia,Porto de Macedo
da740b34-27f5-4df7-bf98-6f9140f1e3a3,Sra. Lara Barros,sralarabarros@yahoo.com.br,Brasil,São Paulo,Barbosa
36c69958-297b-40b7-ae27-6522cd43b524,Giovanna Rezende,giovannarezende@gmail.com,Brasil,Maranhão,Pacheco de Farias
4fc4c66c-8f26-4d79-adab-b8c168d8b4de,Sophie Gomes,sophiegomes@yahoo.com.br,Brasil,Rio Grande do Norte,Viana das Pedras
ff170a12-ec04-4b9c-a5d1-03c7503d0675,Dr. Liam Garcia,drliamgarcia@gmail.com,Brasil,Amapá,Rodrigues
3b2210b5-9dc0-4e64-b1ef-d256c77932e0,Sr. Vitor Hugo Leão,srvitorhugoleão@yahoo.com.br,Brasil,Mato Grosso do Sul,Leão do Oeste
909270cc-9628-4cfb-ba75-ea48347d7190,João Gabriel da Cunha,joãogabrieldacunha@outlook.com,Brasil,Santa Catarina,Rocha
0fd488a6-2595-46ad-8f1f-7100822f9f8e,Calebe Souza,calebesouza@outlook.com,Brasil,Mato Grosso do Sul,Viana
708b6427-69d2-4509-a1a0-8074a14bdbbc,Sra. Raquel Nascimento,sraraquelnascimento@gmail.com,Brasil,Mato Grosso,Vargas das Flores
0f0d910d-d922-499c-82b1-80da7834c159,Sophie Pacheco,sophiepacheco@outlook.com,Brasil,Bahia,Duarte de Minas
27ba2373-916a-43e1-8305-8bda5717a268,Maria Rios,mariarios@yahoo.com.br,Brasil,Tocantins,Cavalcanti
7aa099fe-da01-4b6d-86cb-668611e03544,Kaique Mendonça,kaiquemendonça@outlook.com,Brasil,Amapá,Camargo
8746f794-ef8a-4e5a-ad1a-53230b4a1009,Davi Lucas Guerra,davilucasguerra@yahoo.com.br,Brasil,Pernambuco,da Mata
16920de2-0298-4740-bfde-f844fdf897af,Maria Fernanda Silva,mariafernandasilva@gmail.com,Brasil,Sergipe,Viana das Flores
3e623d06-66bf-4b0e-be7f-2100f131c0a7,Maya Correia,mayacorreia@gmail.com,Brasil,Bahia,Casa Grande do Norte
ee1a0e04-5429-47eb-9433-70ccfb0ae14a,Sr. Noah da Rosa,srnoahdarosa@gmail.com,Brasil,Acre,Montenegro
ebd616d5-3757-40e6-851d-6379319dac9c,Srta. Esther Fonseca,srtaestherfonseca@gmail.com,Brasil,Amapá,Monteiro de Viana
4bd4d8cf-8195-4e79-a64e-e5b91f29374f,Hadassa Fonseca,hadassafonseca@hotmail.com,Brasil,Piauí,Alves de Pinto
469c6ef8-93b2-41d9-9180-d24ae4c6e787,João Felipe Melo,joãofelipemelo@hotmail.com,Brasil,Maranhão,Peixoto dos Dourados
378b3edb-9b2e-477d-b23c-62f9ecb3ff50,Valentim da Mota,valentimdamota@gmail.com,Brasil,Tocantins,da Cunha da Mata
6fde879c-ef13-4b54-85e3-2cdc5137fc88,João Guilherme Cardoso,joãoguilhermecardoso@outlook.com,Brasil,Alagoas,Freitas do Norte
4299a8f8-bb0e-4bf4-aff8-5e9bb435a9c5,Dr. Oliver Pastor,droliverpastor@yahoo.com.br,Brasil,Mato Grosso,Nascimento do Amparo
4937aa6e-9b01-48aa-938f-a81040912c77,Gabriel Pastor,gabrielpastor@hotmail.com,Brasil,Mato Grosso,da Luz de Minas
b9fbecb2-830b-424d-9062-3a2f498824e3,Melissa Pimenta,melissapimenta@outlook.com,Brasil,Rio de Janeiro,Almeida do Sul
f1926ea0-a399-42fa-a0bc-0d37b799414b,Davi Luiz Sales,daviluizsales@gmail.com,Brasil,Maranhão,Pastor da Mata
30b1f769-58ba-4bca-bb3c-88fadfa7a057,Maria Liz Dias,marializdias@gmail.com,Brasil,Rio de Janeiro,Cirino
4314624b-a3dd-493a-bff5-6b8823882b93,Ayla Rodrigues,aylarodrigues@hotmail.com,Brasil,Mato Grosso do Sul,Ribeiro da Mata
5636ad18-1891-4204-b779-71538d38a92b,José da Mota,josédamota@hotmail.com,Brasil,Mato Grosso do Sul,Ribeiro
c01b10f6-8b72-442e-b874-a6f5d29742c9,Maria Clara Moura,mariaclaramoura@gmail.com,Brasil,Pernambuco,Oliveira
4f7694e7-ffd3-4ef1-81aa-107acb62e93e,Ian Moura,ianmoura@gmail.com,Brasil,Paraná,Rezende da Prata
163c1694-a0e7-48c3-843b-87189b71b319,Arthur Gabriel Melo,arthurgabrielmelo@hotmail.com,Brasil,Minas Gerais,Mendes das Flores
4491c0cd-1945-4cb1-b85e-fefdf7e5e89f,Maria Clara Duarte,mariaclaraduarte@yahoo.com.br,Brasil,Amazonas,Porto
349d31f3-75e2-43eb-8b90-5256b0523f0b,Liz da Rocha,lizdarocha@hotmail.com,Brasil,Paraná,Silva
c417746c-b3a3-403f-a7e2-1c5450d273ad,Mariah Albuquerque,mariahalbuquerque@yahoo.com.br,Brasil,Rio de Janeiro,Mendonça de Nunes
dc062579-bf7a-4bd3-aadf-09dd1db73c0a,Isaac Caldeira,isaaccaldeira@yahoo.com.br,Brasil,Rio Grande do Norte,Castro de Gonçalves
4fc0dab0-f455-46cf-921a-164fdaf9aa5d,Juan Vieira,juanvieira@hotmail.com,Brasil,Piauí,Marques
00d2436d-f447-435a-9268-5328b56c6f61,Alexandre Pires,alexandrepires@yahoo.com.br,Brasil,Alagoas,Pinto
6bd4608b-b109-45f5-9b17-896540975f3c,Esther Nogueira,esthernogueira@gmail.com,Brasil,Piauí,Cardoso
a8f3ca90-6970-426b-9ba4-dba89bb669f7,Olívia Lima,olívialima@gmail.com,Brasil,Paraíba,da Mota de Moraes
2897422c-f886-4efd-adae-645b08c45b54,Ayla da Cunha,ayladacunha@hotmail.com,Brasil,Acre,Gomes da Mata
394d157d-a656-4fb2-a7bf-5b161f0fa392,Dr. Antônio Cassiano,drantôniocassiano@outlook.com,Brasil,Bahia,Sales
ffa11744-44a2-45c6-b068-958e515549fe,Diego Guerra,diegoguerra@gmail.com,Brasil,Piauí,da Rosa
39c55aab-fcc3-43e8-ab0f-1089b941fffa,Maria Clara Marques,mariaclaramarques@outlook.com,Brasil,Distrito Federal,Costa Paulista
dddf391c-5a49-4d13-8dc4-48b656ac6896,Rebeca Souza,rebecasouza@yahoo.com.br,Brasil,Roraima,Novais
2e13de9f-e2be-40db-bb61-09dd6c7e15ba,Yasmin Sousa,yasminsousa@hotmail.com,Brasil,Maranhão,Guerra Verde
95a86fff-207f-46b2-8012-0a17f2e1c859,Brenda Alves,brendaalves@yahoo.com.br,Brasil,Distrito Federal,Alves
47c1faab-f2ca-42fe-ac1a-77b87723ebcb,Renan Nogueira,renannogueira@gmail.com,Brasil,São Paulo,Cardoso do Oeste
74d3d322-af4a-4e35-9c40-767c4ab67f0b,Anthony Gabriel Peixoto,anthonygabrielpeixoto@yahoo.com.br,Brasil,Rondônia,Souza Alegre
ffcbe598-63e6-4c98-a461-a44fe9acca4d,Sr. Davi Luiz Aragão,srdaviluizaragão@hotmail.com,Brasil,Piauí,Cassiano de da Cunha
dad4f619-4c1f-4246-8e43-2aa615064510,Enzo Cunha,enzocunha@gmail.com,Brasil,Rio Grande do Norte,Sampaio
3e0d03bd-4ed4-44db-9c86-6109c733161f,Esther Guerra,estherguerra@gmail.com,Brasil,Amapá,Camargo da Praia
ee5f8028-966a-4542-b9b9-c3bb5a4b1010,Isis Rodrigues,isisrodrigues@gmail.com,Brasil,Rio Grande do Sul,Casa Grande Grande
15ca9072-851f-4a73-b91e-a39ba47d2d82,Isabel Cirino,isabelcirino@gmail.com,Brasil,Pará,Sousa do Amparo
d8ac9cba-a1ac-46ba-9526-5c4b5e9748ee,Lavínia Mendonça,lavíniamendonça@outlook.com,Brasil,Distrito Federal,Souza da Prata
85e16ee7-1540-4191-a4ae-fb438afd4204,Luiz Otávio Silveira,luizotáviosilveira@yahoo.com.br,Brasil,Bahia,da Cruz da Praia
5fe99fd9-7109-455b-8ad9-7f438277e7c3,Manuella Rodrigues,manuellarodrigues@yahoo.com.br,Brasil,Amazonas,Monteiro de Carvalho
93602d66-25b4-49f6-ae5a-3d0fa5c0ef85,Rebeca Macedo,rebecamacedo@gmail.com,Brasil,Amazonas,Fogaça
30c86f67-ff61-4d52-88b8-33602994d9d0,Luna da Cruz,lunadacruz@outlook.com,Brasil,Tocantins,Ribeiro do Oeste
be8adc29-ac33-4a16-9432-67e0ee45f8d9,Ágatha Porto,ágathaporto@yahoo.com.br,Brasil,São Paulo,Vieira
3d7f2f20-02c6-4fbe-8b1a-0fc878a15ce9,Juan Melo,juanmelo@outlook.com,Brasil,Rio Grande do Norte,das Neves de Peixoto
25ed34ef-226e-4a20-8696-c512dbeeee1b,Emanuel Pastor,emanuelpastor@yahoo.com.br,Brasil,Rio de Janeiro,Vasconcelos
f008bf91-ea55-44d1-8e3d-90bfcf02c389,Juliana Pimenta,julianapimenta@gmail.com,Brasil,Amapá,Oliveira de da Rosa
907d0367-5f3f-4377-804e-44adc6abb680,João Pedro Cassiano,joãopedrocassiano@outlook.com,Brasil,Amapá,Nascimento do Sul
4809cce0-2567-424d-9a10-f8bda90f22ef,Bárbara Barbosa,bárbarabarbosa@hotmail.com,Brasil,Mato Grosso do Sul,Pacheco
154b91a0-886a-4d87-9b25-31e7605d23eb,Juliana Pereira,julianapereira@outlook.com,Brasil,Ceará,Campos
ca051f41-6dc5-40f5-b030-01b9450b38a2,Mirella Vasconcelos,mirellavasconcelos@hotmail.com,Brasil,Espírito Santo,das Neves
237bc605-898c-4a27-b8ee-8d6dc3ffa676,Mariana Pacheco,marianapacheco@gmail.com,Brasil,Rio Grande do Sul,Gomes
b47ad720-2cd4-4707-9a8e-7a0858e4c136,Dra. Ísis Cirino,draísiscirino@yahoo.com.br,Brasil,Paraíba,Jesus
188a00aa-42d1-486d-8988-d0bae3f40959,Dr. Noah Andrade,drnoahandrade@gmail.com,Brasil,Mato Grosso do Sul,Porto Verde
f11ff8b4-64a1-4f46-ac40-b459a9b947f1,Arthur Gabriel Farias,arthurgabrielfarias@yahoo.com.br,Brasil,Paraíba,Cassiano de Moreira
a3c99aa9-1d7d-4a68-a021-3fa417dca594,Rafael Pastor,rafaelpastor@gmail.com,Brasil,Alagoas,Moura das Flores
d15112be-06ce-4e0a-9d4f-5abd7f6f6350,Thales Pires,thalespires@gmail.com,Brasil,Minas Gerais,Leão Verde
3c26d2a1-7bd2-48b5-9199-d55eb6735bfd,Paulo Pacheco,paulopacheco@hotmail.com,Brasil,Pernambuco,Câmara
bbdbf2b1-cf0f-4836-b916-cd6bee8497f3,Dra. Carolina Melo,dracarolinamelo@yahoo.com.br,Brasil,Pernambuco,Cassiano Paulista
5b40990e-f948-4953-99ad-06cf0ea736dd,Dr. Vinícius Pires,drviníciuspires@outlook.com,Brasil,Sergipe,Viana do Norte
a7b37531-3159-4bf0-9f22-efacab855951,Felipe Siqueira,felipesiqueira@gmail.com,Brasil,Maranhão,da Mota
cd735859-d9a3-4de5-afef-108919232385,Dr. Eduardo Silveira,dreduardosilveira@yahoo.com.br,Brasil,Paraíba,Gomes
46a47a51-8144-49bb-9fa1-305da15850b1,Bruno Pinto,brunopinto@yahoo.com.br,Brasil,Mato Grosso do Sul,Porto da Serra
87a684b2-95f6-4995-83f2-f91f26bdef38,Srta. Laís Gonçalves,srtalaísgonçalves@yahoo.com.br,Brasil,Minas Gerais,Jesus do Oeste
e0b182c3-a5ef-4c5f-9eac-436468622a85,Fernando Viana,fernandoviana@yahoo.com.br,Brasil,Roraima,Pacheco de da Rocha
9d27a120-aa78-4383-b50e-e8da23887112,Bryan Lopes,bryanlopes@outlook.com,Brasil,Ceará,Ferreira de Machado
37a5d073-c62c-4545-822b-08e79bf0e307,Raul Porto,raulporto@gmail.com,Brasil,Rio Grande do Norte,Mendes da Prata
2fa01027-1caf-427f-a070-4615cdb44456,Dra. Maria Flor Castro,dramariaflorcastro@yahoo.com.br,Brasil,Distrito Federal,Camargo de Pimenta
7ac3e45e-8a4f-46b6-88ab-2cd996413515,Luiz Otávio Mendonça,luizotáviomendonça@yahoo.com.br,Brasil,Acre,da Paz
acfa89e9-7a5a-4dd3-8ea3-7510f3deecdd,Henry Gabriel Pimenta,henrygabrielpimenta@outlook.com,Brasil,Santa Catarina,Duarte
c6211ad6-cab5-4a04-a33d-6b5436920256,Ana Liz Silveira,analizsilveira@gmail.com,Brasil,Rio Grande do Sul,Cardoso
f57dde9d-218c-43e2-94a5-67a7b7b03f76,Dra. Alícia Fonseca,draalíciafonseca@gmail.com,Brasil,Distrito Federal,Garcia
c790cb77-6f96-4e2a-97cf-d24c694d51e9,Antonella Almeida,antonellaalmeida@hotmail.com,Brasil,Acre,Rezende
cba89f3d-2228-4479-adfc-09ffbba99901,Henry Camargo,henrycamargo@hotmail.com,Brasil,Mato Grosso do Sul,Ribeiro
2384256b-75e0-408b-a8c7-3dd527b869e1,Ana Clara Azevedo,anaclaraazevedo@outlook.com,Brasil,Amapá,Montenegro de Minas
d710fdec-5bad-4b42-87d2-a6d1ef8ad4f5,Mathias Nascimento,mathiasnascimento@hotmail.com,Brasil,Rio de Janeiro,Correia
fa09bce5-f4bd-4d7b-8c5e-efb079c18150,Joana Pereira,joanapereira@gmail.com,Brasil,Maranhão,Pires dos Dourados
6594fefe-82f3-4c30-8eb0-c78a9af46e07,Dom Nogueira,domnogueira@gmail.com,Brasil,Distrito Federal,Vargas
c73eef30-4f0f-499f-aba4-e12112389530,Rebeca Vieira,rebecavieira@hotmail.com,Brasil,Sergipe,Gomes
bef70581-74b5-4a4a-9e6f-c6f6a7c8462d,Sarah Lima,sarahlima@gmail.com,Brasil,Mato Grosso do Sul,Pimenta
dbd26e85-de02-48f2-a4eb-f705c215e3d7,Dr. Brayan Azevedo,drbrayanazevedo@yahoo.com.br,Brasil,Rondônia,Moraes
f923e15d-059d-4902-b6f9-7f2acaac3128,Davi Araújo,daviaraújo@gmail.com,Brasil,Amapá,Teixeira
67bf319e-bc6c-4123-8849-e018ebf3207d,Bernardo Andrade,bernardoandrade@hotmail.com,Brasil,Ceará,Correia
6af7cd84-013c-4a09-9e7f-f3c5d6c9548e,Vitor Pereira,vitorpereira@hotmail.com,Brasil,Espírito Santo,Souza de Fernandes
4f84e312-ee2e-497f-933f-1d9ffe80bb86,Sra. Luara Carvalho,sraluaracarvalho@hotmail.com,Brasil,Sergipe,Camargo da Mata
a784184d-dc26-4ec6-a387-f1283009efc2,Kevin Machado,kevinmachado@yahoo.com.br,Brasil,Santa Catarina,Freitas
8240422a-a50b-4a9b-b14b-c6408fe5eab2,Ana Luiza Barros,analuizabarros@outlook.com,Brasil,Espírito Santo,Farias
911fbb91-3ba8-4088-831a-b30fa44c1691,João Pedro Pastor,joãopedropastor@hotmail.com,Brasil,Amazonas,Câmara
86d5ee84-ea88-46eb-93b5-d99a3f575e02,Henry Gabriel Gomes,henrygabrielgomes@gmail.com,Brasil,Rio Grande do Sul,Garcia das Flores
e2fe7cfa-54e4-4a97-b461-d007a1d7cb87,Sra. Ísis Dias,sraísisdias@yahoo.com.br,Brasil,Rondônia,Correia de Barros
043fb619-e98e-4ead-9698-98d3cfd27cec,Pietra Sá,pietrasá@yahoo.com.br,Brasil,Rio de Janeiro,Gonçalves
dfea9640-dae6-4df4-a78a-dd2bd765b30c,Jade Casa Grande,jadecasagrande@yahoo.com.br,Brasil,Piauí,Cavalcante
b85b959b-b402-4e6f-9127-9580846cfde0,João Gabriel Peixoto,joãogabrielpeixoto@hotmail.com,Brasil,Mato Grosso,Fogaça Grande
fee26881-da66-4d03-8463-da190893d800,Juliana Ferreira,julianaferreira@gmail.com,Brasil,Bahia,Oliveira do Norte
38919fa8-96ba-43fe-8c9f-f46caf4d9263,Sr. Luiz Miguel Albuquerque,srluizmiguelalbuquerque@gmail.com,Brasil,Mato Grosso,Rezende do Campo
74dc2b52-9995-40f4-8870-ca4fb3139d4b,Renan Costela,renancostela@yahoo.com.br,Brasil,Rondônia,Costa do Norte
64ea7037-28eb-44f8-9ff1-4cfdfd737386,Vitor Gabriel Lima,vitorgabriellima@yahoo.com.br,Brasil,Distrito Federal,Caldeira de Marques
6a0ea9fa-7247-4040-971e-d4d0139319ff,Marcela Jesus,marcelajesus@gmail.com,Brasil,Goiás,Cavalcanti da Mata
9d9e1fc7-7e79-4fa1-9180-81bcabb32e4c,Catarina Brito,catarinabrito@outlook.com,Brasil,Minas Gerais,Brito das Pedras
f979d80a-bc09-46ba-a1a5-8c32fc377fb4,Sra. Ana Laura Machado,sraanalauramachado@outlook.com,Brasil,São Paulo,Novaes
45a78687-d0be-411f-9100-c45660bb502c,Maria Julia Garcia,mariajuliagarcia@yahoo.com.br,Brasil,Rio de Janeiro,Vieira das Flores
ee133209-6a34-4509-a462-d72f76138a84,Miguel Machado,miguelmachado@yahoo.com.br,Brasil,Rio Grande do Sul,Sampaio
5a10bdaa-7aa3-473c-af37-3b64877bff3f,Antônio Pastor,antôniopastor@gmail.com,Brasil,Distrito Federal,Ramos de Melo
8fb31c81-9a08-4361-a14d-b99510c6f37b,Gustavo Henrique Cavalcanti,gustavohenriquecavalcanti@gmail.com,Brasil,Minas Gerais,Vasconcelos de Almeida
b29b197c-029a-423a-9d67-34c563ce8c6f,Sarah Siqueira,sarahsiqueira@gmail.com,Brasil,Rio Grande do Norte,Nunes de Minas
e0f2fff8-1005-41f1-86fb-2f8508ab8eeb,Isabelly Fonseca,isabellyfonseca@yahoo.com.br,Brasil,Alagoas,Vargas de Rios
80462597-666c-4642-9e8e-9f78092dff3a,Thiago Marques,thiagomarques@hotmail.com,Brasil,Maranhão,Macedo
a302893e-cfa3-4be0-ab3e-3d340076ff28,Sr. Pedro Henrique Santos,srpedrohenriquesantos@outlook.com,Brasil,Paraná,Nascimento do Norte
48709f2b-2655-4739-83d2-8244ac2039c9,Dr. Vinicius Rodrigues,drviniciusrodrigues@hotmail.com,Brasil,Maranhão,Nogueira de Goiás
3b8e735e-360c-4d75-908b-43efd63ae62e,Laura Porto,lauraporto@yahoo.com.br,Brasil,Espírito Santo,Casa Grande das Flores
91506c59-fc4a-4453-87e5-297fcc7f5e19,Davi Luiz Casa Grande,daviluizcasagrande@yahoo.com.br,Brasil,Acre,Oliveira de Brito
77193a8b-1717-43c1-a494-2c935a7f3dd1,Caroline Marques,carolinemarques@yahoo.com.br,Brasil,Amazonas,Cardoso da Mata
f320dcd2-92f2-41aa-b3ee-91d04c07eda8,Lucca Rocha,luccarocha@gmail.com,Brasil,Minas Gerais,Guerra
58714aff-191f-4217-9732-06393f7e2945,Dr. Vitor Gabriel Jesus,drvitorgabrieljesus@gmail.com,Brasil,Santa Catarina,Silva das Pedras
a762a1da-88f1-4e7e-8b5c-963d12d5fefe,Sra. Isis Marques,sraisismarques@outlook.com,Brasil,Mato Grosso do Sul,Moraes Alegre
6cac8ce4-3f84-4183-b043-50f9b10f79d8,Ana Júlia Aparecida,anajúliaaparecida@outlook.com,Brasil,Mato Grosso,Barros
727ed825-95c2-4098-be3a-779abf2b08bb,Sr. Breno Duarte,srbrenoduarte@hotmail.com,Brasil,São Paulo,Vieira de Melo
e1af0e8e-d22c-4fca-a597-ebd76d8f6f28,Isabel Siqueira,isabelsiqueira@yahoo.com.br,Brasil,Pernambuco,da Cunha
b995bf73-f33b-433d-bfe0-be4d2102738b,Théo Gonçalves,théogonçalves@gmail.com,Brasil,Minas Gerais,da Conceição Grande
8ee9679d-b1c2-4520-b726-1433dcb5ef7c,Zoe Casa Grande,zoecasagrande@gmail.com,Brasil,Pará,Nunes Alegre
902482fd-77bb-496d-98b6-23bf60d7b069,Dr. Léo Nascimento,drléonascimento@outlook.com,Brasil,Alagoas,Freitas do Galho
b564a6af-2438-482b-9e50-162d0e38f2bc,Luísa Pinto,luísapinto@gmail.com,Brasil,Alagoas,Vargas da Mata
b0c8433e-60ca-462d-a08b-821a597931d5,Maria Luiza Mendes,marialuizamendes@yahoo.com.br,Brasil,Tocantins,Vargas Verde
04648728-f24d-4f2d-81e0-8ff261686785,Henry Gabriel Siqueira,henrygabrielsiqueira@outlook.com,Brasil,Distrito Federal,Gomes
1f30ff24-7708-4522-bd22-fbbf2ee5c9fd,Sophia Brito,sophiabrito@outlook.com,Brasil,Maranhão,da Rocha
ed147300-d4f9-44c5-8a64-b566827f1b99,Theodoro da Mata,theodorodamata@yahoo.com.br,Brasil,Rio de Janeiro,Oliveira do Campo
b3d72b61-e406-4bcd-ade7-fab67685db2c,Sabrina Aragão,sabrinaaragão@yahoo.com.br,Brasil,São Paulo,Macedo
05a08e4b-3103-463c-a066-26a1771f94fd,Vinicius Moreira,viniciusmoreira@gmail.com,Brasil,Pará,Novais do Galho
b706e27d-b5bf-4b1c-9834-839731d85b06,Yasmin Peixoto,yasminpeixoto@hotmail.com,Brasil,Pernambuco,da Mota do Oeste
757cbcd1-52bc-493e-a416-76778832505f,Benjamin Ramos,benjaminramos@gmail.com,Brasil,Maranhão,Albuquerque
5bf7ed1a-a370-48da-8b85-490f56938dea,Lara da Mata,laradamata@hotmail.com,Brasil,Pernambuco,Melo Alegre
7a0470e9-70b7-4cb4-8e86-281452520f23,Sofia Rocha,sofiarocha@outlook.com,Brasil,Pará,Porto do Campo
3d206d31-0df2-49a1-a4c5-0a9206935c60,Srta. Isabelly Martins,srtaisabellymartins@hotmail.com,Brasil,Amazonas,Sales
f20614e1-051d-4682-9bae-3a40fb4218ee,Ágatha Melo,ágathamelo@outlook.com,Brasil,Mato Grosso do Sul,da Paz de Macedo
59afa2d2-6a6d-4e7c-8c6a-360fdabf2c8b,Benjamin Pereira,benjaminpereira@outlook.com,Brasil,Rio de Janeiro,Camargo
32783667-001b-4ece-9758-ed8314893158,Esther Silva,esthersilva@outlook.com,Brasil,Amapá,Freitas do Amparo
bb013bf8-4c29-40f4-8168-bba704d7a6a6,Sr. Raul Dias,srrauldias@yahoo.com.br,Brasil,Rio Grande do Norte,Leão de Pimenta
3105ff0e-6f12-4bdd-86c7-4890f1e42e5c,Antony Jesus,antonyjesus@yahoo.com.br,Brasil,Santa Catarina,Monteiro
0317e101-df77-4fa2-88ff-17c17781cf60,Laura Jesus,laurajesus@outlook.com,Brasil,Paraíba,Pimenta
018d9f10-25dc-49dd-b299-6689edaa946a,Ayla Moreira,aylamoreira@yahoo.com.br,Brasil,Pará,da Mata
982dc602-2f8d-44cf-a0c1-0869ff7df2fc,Dr. Benício Aragão,drbenícioaragão@yahoo.com.br,Brasil,Maranhão,Fogaça da Mata
aafdfafe-1f38-41d4-a27d-ac31c24b8c2a,Maria Luiza Martins,marialuizamartins@gmail.com,Brasil,Alagoas,Cassiano da Praia
27650996-dc39-42ce-aea3-91bd2187da05,Dra. Milena Vieira,dramilenavieira@outlook.com,Brasil,Rio Grande do Norte,da Luz
c440d8d0-2118-4ba8-8bf7-0cab567046c2,Ester Cirino,estercirino@gmail.com,Brasil,Distrito Federal,da Paz de Fernandes
0fc4b483-183a-4e67-b121-e18acf8093d1,Dra. Maria Julia Camargo,dramariajuliacamargo@outlook.com,Brasil,Santa Catarina,Ribeiro
3263d1c2-0ce7-47c4-9762-d7fc89afad1e,Esther Martins,esthermartins@gmail.com,Brasil,Paraná,Caldeira
5f725855-ec9d-493f-adc0-506cae6590c1,Gabrielly Souza,gabriellysouza@outlook.com,Brasil,Pará,Moreira
ec9b5869-856a-4dd9-ac9e-4fe01e23d489,Valentina Pires,valentinapires@outlook.com,Brasil,Maranhão,Viana do Sul
6a338af5-9fe7-4922-872a-93b73f54e122,Theo Moraes,theomoraes@outlook.com,Brasil,Distrito Federal,Castro
b5892f48-4ea8-4652-a8f7-a58751049408,Bruna Aragão,brunaaragão@gmail.com,Brasil,Rio Grande do Sul,da Paz da Mata
2cd47c25-8db9-4f45-a7e3-50f6e1fe1632,Théo Oliveira,théooliveira@hotmail.com,Brasil,Maranhão,da Cruz de Goiás
65546553-81d2-4f9f-9c93-39cda70462e2,Renan Aparecida,renanaparecida@outlook.com,Brasil,Pernambuco,Porto
ea2e4b05-553b-4d83-8344-9081f8aaeaf4,Maria Julia Nascimento,mariajulianascimento@gmail.com,Brasil,Paraná,Cassiano da Mata
fefc1483-46da-419e-be5b-d982b5312839,José Pedro Fogaça,josépedrofogaça@hotmail.com,Brasil,Paraná,da Mata
9fc72ade-c108-461e-ba96-9fdca0398636,Luiz Fernando Montenegro,luizfernandomontenegro@gmail.com,Brasil,Piauí,Cunha da Serra
eb0aeb08-43bd-4fb9-bc37-dceb23bfd0d4,Srta. Allana Jesus,srtaallanajesus@yahoo.com.br,Brasil,Rondônia,Sousa do Sul
cff8f9a5-224e-4960-8769-9718946017ff,Dr. Rhavi Vargas,drrhavivargas@hotmail.com,Brasil,Paraná,da Luz
be48f146-45c3-4991-83d0-9cf9db83aa97,Ana Luiza Ferreira,analuizaferreira@gmail.com,Brasil,Goiás,Cardoso
40878676-523a-47a5-b7dc-3aa0641358f9,Dr. João Felipe Andrade,drjoãofelipeandrade@yahoo.com.br,Brasil,Bahia,da Mata
eb0e6692-1964-4f12-a92d-a7f33e8164db,Murilo da Rosa,murilodarosa@yahoo.com.br,Brasil,Paraná,Leão de da Mata
b006ca94-4ab1-412a-becf-a88ba99cc84a,Luiz Henrique Nascimento,luizhenriquenascimento@gmail.com,Brasil,Amapá,Lima da Serra
d3ca3294-174b-4bda-b70b-27e50900a020,Dr. João Guilherme Costa,drjoãoguilhermecosta@yahoo.com.br,Brasil,Rondônia,Santos da Serra
5b32010c-3d64-4902-807c-bf6fcdb01279,Yan Rios,yanrios@outlook.com,Brasil,Rio Grande do Sul,Melo
595f9193-bff4-4f7c-8598-29ef5f1a0ebe,Sabrina Duarte,sabrinaduarte@outlook.com,Brasil,Bahia,da Mota
49fa5a12-82bf-4cf1-9ddd-5553cc1e0a5c,Valentina Araújo,valentinaaraújo@yahoo.com.br,Brasil,Acre,Azevedo do Oeste
162c8b7f-b8da-4ee8-abdf-c1b94b47a1c4,Sr. Luiz Otávio Ramos,srluizotávioramos@yahoo.com.br,Brasil,Piauí,Rezende
53f0483f-6619-4a86-abc2-e09e8a7c130e,Eloah Machado,eloahmachado@outlook.com,Brasil,Mato Grosso,Ferreira
72792a88-4b03-4058-aec9-3154df718f4b,Evelyn da Rocha,evelyndarocha@hotmail.com,Brasil,São Paulo,Pinto
4a9e754b-fcce-405c-aaa7-8cb90821eb1e,Heitor Novaes,heitornovaes@outlook.com,Brasil,Pará,da Paz da Prata
076230bb-47cf-40ba-8f34-3f3badce2f24,Sr. Francisco Correia,srfranciscocorreia@hotmail.com,Brasil,Acre,Guerra
e7d172ea-589e-4b34-9268-59b306a2cd64,Benicio Sá,beniciosá@yahoo.com.br,Brasil,Maranhão,Ribeiro
5ecdf91b-7845-482c-beea-e40e25760a20,Maria Alice da Rocha,mariaalicedarocha@hotmail.com,Brasil,Amapá,Macedo
235f4651-21ba-472e-a191-2022dd936123,Brayan Campos,brayancampos@yahoo.com.br,Brasil,Rio Grande do Norte,Fogaça de Goiás
d0f80a5f-9fd2-46fe-9a20-c1092412affd,Thiago Duarte,thiagoduarte@yahoo.com.br,Brasil,Tocantins,Freitas
0d7d6fe2-5197-4103-91c5-c727dd91e161,Sr. Luiz Fernando Cardoso,srluizfernandocardoso@gmail.com,Brasil,Espírito Santo,Sales
cffa9a9c-ff9a-40bc-beab-22d9e6c169f6,Nina Camargo,ninacamargo@gmail.com,Brasil,Pará,Rocha do Campo
29d1a022-83bf-4788-8c78-52ba9fb1dae5,Diogo Silva,diogosilva@yahoo.com.br,Brasil,Goiás,Araújo
9ab4cfe3-4636-49ae-9b00-cce9528d17e3,João Miguel Azevedo,joãomiguelazevedo@hotmail.com,Brasil,Maranhão,Lopes Alegre
d01f102a-a1e0-4d8c-ab06-ba34d3d62dd8,José Dias,josédias@outlook.com,Brasil,Rio de Janeiro,da Luz
ed1f6073-865b-45d2-b65e-b392f288bcee,Benicio Farias,beniciofarias@yahoo.com.br,Brasil,Pernambuco,Camargo
ed811da6-9abb-494a-a051-d354168ae804,Dr. Bernardo Sampaio,drbernardosampaio@gmail.com,Brasil,Mato Grosso do Sul,Mendes
b03e8a9a-5303-45bf-932a-967bd3b98c5b,Dante Ribeiro,danteribeiro@hotmail.com,Brasil,Acre,Moreira de Pereira
0c4ddb17-672a-49fc-902a-42de0b590dd6,Benjamin Costa,benjamincosta@outlook.com,Brasil,Santa Catarina,Rios de Minas
f1c0f9d8-dc5d-4cf1-8214-76d0e2cf80dc,Ágatha Nogueira,ágathanogueira@yahoo.com.br,Brasil,Espírito Santo,Barbosa de Cavalcanti
5989ce17-45e5-4b42-b853-150257f8fd60,Luara das Neves,luaradasneves@outlook.com,Brasil,Amazonas,Brito
02032f18-1ee0-4d30-b87c-b96020d88bff,Matheus Carvalho,matheuscarvalho@yahoo.com.br,Brasil,Acre,Silveira
829faed0-0021-4c7d-a0fb-60a7e9ade4e0,Augusto Correia,augustocorreia@hotmail.com,Brasil,Bahia,Camargo dos Dourados
7f9022e5-5dfb-48ab-b00d-903329d0689c,Natália Moura,natáliamoura@yahoo.com.br,Brasil,Santa Catarina,da Mata
de9ecc7e-2706-4d42-83c2-112bc26e0da1,Juan Garcia,juangarcia@yahoo.com.br,Brasil,Santa Catarina,Dias de Goiás
71abb3a3-08a2-4ead-9d51-c68f6add4ee7,Maria Helena Silveira,mariahelenasilveira@yahoo.com.br,Brasil,Rio Grande do Norte,Fernandes
9ac8327d-12a6-4077-9057-5fe2e7f39291,Marcela Camargo,marcelacamargo@yahoo.com.br,Brasil,Maranhão,Nunes do Galho
968da690-1807-4c59-bd03-e3a3ab2c459f,Nicolas Santos,nicolassantos@outlook.com,Brasil,Sergipe,Barros
7f57670c-b3fe-48be-bd90-5478724b27b9,Ana Vitória Fonseca,anavitóriafonseca@yahoo.com.br,Brasil,Espírito Santo,da Cruz de Albuquerque
e1f144dc-84f0-424f-b842-0fabdb14b2c2,Nina Aragão,ninaaragão@gmail.com,Brasil,Amazonas,Dias
024222c8-3a78-4280-83b7-3cf9aab1a84f,Enzo Gabriel Campos,enzogabrielcampos@hotmail.com,Brasil,Mato Grosso,Vasconcelos de Minas
71e5e4d2-b58f-4715-8f9b-c73e658457b5,Kaique Castro,kaiquecastro@gmail.com,Brasil,Santa Catarina,Fogaça
c9e24168-7049-4351-a129-c7ba0a871157,Fernanda Moura,fernandamoura@hotmail.com,Brasil,Roraima,Pereira
59976f3f-9571-4836-82c0-e1f596616706,Carolina Alves,carolinaalves@hotmail.com,Brasil,Pará,Rios de Moura
ec0a98fe-aa23-4187-b5d1-2aed47a790fe,Marcos Vinicius Sousa,marcosviniciussousa@hotmail.com,Brasil,Bahia,Campos da Mata
05fd984c-ed5a-4095-b7a2-31a0d77ba63d,Sr. Vitor Gabriel Mendes,srvitorgabrielmendes@yahoo.com.br,Brasil,Rio Grande do Norte,Vargas
af9c456a-a47f-41fd-be3b-4dc65b54619d,Pietra Nascimento,pietranascimento@outlook.com,Brasil,Rio Grande do Sul,Borges
38452e08-3439-4783-9968-58f452884a89,Pedro Henrique Moreira,pedrohenriquemoreira@gmail.com,Brasil,Alagoas,Rodrigues
c1ca1c49-335e-469c-9b8a-b1395901523f,Guilherme Sales,guilhermesales@hotmail.com,Brasil,Sergipe,Rios
19939eba-f80a-4753-abfb-ce6d43a21514,Maria Julia da Rocha,mariajuliadarocha@yahoo.com.br,Brasil,Rio Grande do Sul,Campos
af752a45-7b61-4caf-a9e3-ef5163cd3afb,Maria Pimenta,mariapimenta@yahoo.com.br,Brasil,São Paulo,Brito de Pires
d3ab2254-c4e3-4105-8d9e-1ec6c304e376,Joaquim da Rosa,joaquimdarosa@outlook.com,Brasil,Pernambuco,Santos
b0a07c8c-e5f0-4274-bf0c-8faa49944d3c,Ana Clara Nunes,anaclaranunes@yahoo.com.br,Brasil,Amapá,Leão do Norte
37c3734f-0564-4aec-a77c-6061b8c2627c,Gabriela Souza,gabrielasouza@yahoo.com.br,Brasil,Goiás,Cunha
a8222df8-c2bd-476a-a7a7-c0df87d4b114,Evelyn Alves,evelynalves@yahoo.com.br,Brasil,Rio Grande do Norte,Ribeiro
5ef5c5b2-16ba-4d21-90bb-698cac6c9552,Bruna da Luz,brunadaluz@gmail.com,Brasil,Minas Gerais,Montenegro da Serra
647e824c-dc69-4e5d-bedd-4adf25f0b905,Isis Costela,isiscostela@yahoo.com.br,Brasil,Mato Grosso do Sul,Rezende
71791b4f-6c19-410f-b960-d1f056721c3d,Hadassa Rocha,hadassarocha@hotmail.com,Brasil,Pará,Caldeira
4f8e66e3-50d2-4532-8c75-d845df768f44,Maria Julia Garcia,mariajuliagarcia@hotmail.com,Brasil,Piauí,Viana
0fe4d9d8-733b-427d-92e0-ef72367f4e96,Samuel Melo,samuelmelo@yahoo.com.br,Brasil,Paraíba,Brito de Goiás
86c232e2-2e73-490a-934d-a3aa96c64f61,Maria Fernanda Pastor,mariafernandapastor@outlook.com,Brasil,Bahia,Farias
8dd6f151-6623-480b-8df6-2bcace89588d,Letícia Pacheco,letíciapacheco@yahoo.com.br,Brasil,Pará,Costela
c73af868-8eca-49d6-8ee6-f470b55af9a1,Dra. Caroline Cunha,dracarolinecunha@yahoo.com.br,Brasil,Alagoas,da Cruz do Galho
e2aff091-bb83-40ae-9da5-2f9a54349f52,Zoe Pinto,zoepinto@yahoo.com.br,Brasil,Paraíba,Pastor
fa4c2c59-4284-471e-93e5-2e661498b525,André Cassiano,andrécassiano@outlook.com,Brasil,Tocantins,Pacheco
08417932-bdb1-42bf-b4fe-bf78eeb30b2a,Maria Liz Oliveira,marializoliveira@gmail.com,Brasil,Paraná,Pacheco do Campo
87e77334-0aad-4de5-8423-5e284e407d22,Enzo Duarte,enzoduarte@outlook.com,Brasil,Amazonas,Nunes das Flores
13e557d6-78e9-4ad5-8896-879d0444aeb1,Leandro da Paz,leandrodapaz@yahoo.com.br,Brasil,Santa Catarina,da Paz
ef11ee10-1131-46ee-af4d-71f35ddddcba,Ana Carolina Ribeiro,anacarolinaribeiro@gmail.com,Brasil,Amazonas,Almeida
b3c8dd9d-1a78-4e8e-b986-c0e1fdbc9b08,Rhavi Machado,rhavimachado@gmail.com,Brasil,Espírito Santo,Borges
9bec6fa6-687a-47cd-a1c5-ce3b54af68c9,Pedro Miguel da Luz,pedromigueldaluz@hotmail.com,Brasil,São Paulo,Monteiro da Prata
1d6a66cc-4100-49cc-8d2a-3723b2633574,Sophie Porto,sophieporto@outlook.com,Brasil,Minas Gerais,Sampaio de Nascimento
8f92cf35-9d6b-4012-a806-1ed3a95907a1,Samuel Fonseca,samuelfonseca@yahoo.com.br,Brasil,Alagoas,Mendonça da Serra
b895ad0c-7c03-4608-834d-1d8be00f75b2,Felipe Souza,felipesouza@hotmail.com,Brasil,Mato Grosso,Cunha
1e8fb7d1-31fd-46ae-b912-afe78ed0cfca,Samuel Jesus,samueljesus@gmail.com,Brasil,Amapá,Alves
f612e7b9-e8cc-463e-9c2a-553c763ad920,Luiz Miguel da Mata,luizmigueldamata@outlook.com,Brasil,Santa Catarina,Campos
2a9c29b8-b9e1-410f-9362-4ee766d3a8ff,Bruna Andrade,brunaandrade@yahoo.com.br,Brasil,Maranhão,Camargo
d2a12835-ea8e-4587-b333-ca38af4c63e4,Laura Viana,lauraviana@yahoo.com.br,Brasil,Bahia,da Conceição de Mendonça
c5546eec-9e94-4ab7-8a1f-07c66235be7d,Asafe Fogaça,asafefogaça@gmail.com,Brasil,Paraná,Monteiro
6b99267c-a4c9-477c-ae7c-1c456fcdb23b,Natália Mendes,natáliamendes@gmail.com,Brasil,Distrito Federal,Nunes
e1d79c2f-1819-4d69-aa37-e0597b600bdf,Léo Ribeiro,léoribeiro@outlook.com,Brasil,Rio Grande do Norte,da Conceição de Azevedo
73db2990-d507-496e-975c-90b451208470,Antonella Costa,antonellacosta@outlook.com,Brasil,Tocantins,Cavalcanti
19d33d64-6b5d-4f7a-9d66-573e40402047,Luana Cavalcante,luanacavalcante@gmail.com,Brasil,Santa Catarina,Machado
59a6afec-a7dd-4e1d-a7e1-2060e73c190f,Antony Casa Grande,antonycasagrande@hotmail.com,Brasil,Roraima,da Mata
c6e649e8-1c8b-41d3-b420-ab22cb2aa51a,Vicente Cassiano,vicentecassiano@yahoo.com.br,Brasil,Amazonas,Almeida
d190a5e3-8a64-47c9-88b1-21cf10def20a,Carlos Eduardo Sales,carloseduardosales@gmail.com,Brasil,Amapá,Sousa
b3a1a338-12d8-4702-b76f-258d2582d6ab,Sra. Natália Santos,sranatáliasantos@gmail.com,Brasil,Mato Grosso,Almeida
11480aff-ace2-4516-ae2b-9cf1ad032c24,Dr. João Vitor da Luz,drjoãovitordaluz@gmail.com,Brasil,Roraima,Lima do Sul
3e6b2c64-43f1-48a6-8775-7e4c8fc2e873,Luiz Miguel Castro,luizmiguelcastro@gmail.com,Brasil,Espírito Santo,Sousa
c82a6d97-5ad6-4fc7-ae05-ec9bef096f7c,Gabrielly Aragão,gabriellyaragão@gmail.com,Brasil,Alagoas,Lopes
2bcfe801-02ec-4301-baac-876dc297a26b,Paulo Porto,pauloporto@hotmail.com,Brasil,Rio de Janeiro,Cavalcanti
0254b9a2-65f0-4ec9-acd7-9100a74593f7,Maria Luísa Cavalcante,marialuísacavalcante@gmail.com,Brasil,Roraima,Nogueira das Pedras
aa930372-6ab0-4aa0-9a2f-e6da1bad5039,Isabela Araújo,isabelaaraújo@hotmail.com,Brasil,Pernambuco,Pires
3c43419b-9a74-4fea-9b9f-39732ce4aeb4,Dr. Vinicius Sá,drviniciussá@gmail.com,Brasil,São Paulo,Cirino de Gomes
92f7ec04-9717-4365-8caa-14545498dff5,Ravy Lima,ravylima@yahoo.com.br,Brasil,Mato Grosso do Sul,Fonseca do Norte
dd4dac4c-6922-4e5e-b006-dbdc594706fa,Sr. Emanuel Ferreira,sremanuelferreira@gmail.com,Brasil,Rio Grande do Norte,Gonçalves de Goiás
e76912d8-205c-438d-8083-59c633763d2c,Gabrielly Guerra,gabriellyguerra@yahoo.com.br,Brasil,Ceará,Nunes
d58afbe1-a195-4d55-acab-ac8f29e458ac,Caroline Gonçalves,carolinegonçalves@hotmail.com,Brasil,Tocantins,Andrade
dc4b0cd0-9ce3-4000-acf1-bd918bd3776b,Mariah Cunha,mariahcunha@outlook.com,Brasil,Minas Gerais,Cavalcanti
1c844ba2-a57a-4eef-9f5f-e3c2742cd2d0,Maria Clara Rios,mariaclararios@yahoo.com.br,Brasil,Santa Catarina,Pimenta
bea29db8-17e7-4c56-98c6-92ca14a33495,Kaique Camargo,kaiquecamargo@hotmail.com,Brasil,Rio de Janeiro,Barros
380f6a6d-35c7-4b43-9f88-b87b1b3cd94a,Léo Porto,léoporto@outlook.com,Brasil,Pará,Cirino
b5be8443-57a0-4205-9e94-0e8b4610e2e6,Sr. Pedro Henrique Santos,srpedrohenriquesantos@yahoo.com.br,Brasil,Piauí,Rodrigues de Minas
15be573c-d520-4b52-bcf1-176efba742e8,Sra. Luísa Casa Grande,sraluísacasagrande@yahoo.com.br,Brasil,Goiás,Lopes das Flores
e71e3d02-c37f-43b5-b532-6a3b8ebf6fb5,Yago Camargo,yagocamargo@yahoo.com.br,Brasil,Amapá,Pimenta
5ce789df-4caa-469f-833a-28abf584309a,Dr. Gabriel Martins,drgabrielmartins@outlook.com,Brasil,Rio Grande do Norte,Pastor das Flores
72501c11-9c78-42d9-bc35-c56a86f6f551,Maria Julia Moraes,mariajuliamoraes@gmail.com,Brasil,Distrito Federal,da Luz
c83d69ce-3c25-47f9-8e9d-41f019cafbe0,Lorena Marques,lorenamarques@outlook.com,Brasil,Distrito Federal,Leão
ee2aa570-1911-489c-ab95-13300c21fc75,Felipe Montenegro,felipemontenegro@gmail.com,Brasil,Pará,Casa Grande de Minas
353166e3-5ace-4871-b304-13c9d4ce89fa,Alice Fonseca,alicefonseca@outlook.com,Brasil,Distrito Federal,da Mata Paulista
12f81051-d399-4bea-aa5a-20f6e3193ab4,Nicolas Freitas,nicolasfreitas@hotmail.com,Brasil,Minas Gerais,Sá
1025b2d8-ec6d-47ba-b9c4-63d0358aed7c,Heloísa Campos,heloísacampos@outlook.com,Brasil,Rondônia,Cassiano
4170b385-700c-42bf-987e-856fedeca839,Thiago Moraes,thiagomoraes@gmail.com,Brasil,São Paulo,Farias de Duarte
c08074ad-aafe-44b0-84f8-0a37fe0fad92,Dr. Benjamin Caldeira,drbenjamincaldeira@gmail.com,Brasil,Tocantins,Alves
7dcbe932-ce28-4750-a78a-a319700f56b4,Rebeca Castro,rebecacastro@yahoo.com.br,Brasil,Piauí,Viana de Siqueira
cd2672fe-397f-4c32-ab65-e2e1304e1b51,Sra. Ana Laura Silveira,sraanalaurasilveira@hotmail.com,Brasil,Ceará,Viana
f90d3346-091e-442b-9fee-63a4d5ae4a5e,Fernanda Barbosa,fernandabarbosa@gmail.com,Brasil,Rondônia,Cunha
e3a5d529-f201-469d-93a6-f729d22bd474,Diogo Siqueira,diogosiqueira@gmail.com,Brasil,Paraíba,Aparecida
39b072d1-4b9c-434c-9975-1c6334778e63,Augusto Pereira,augustopereira@hotmail.com,Brasil,Bahia,Campos
67a8199b-970a-40c7-b86e-cc96fe9e8d06,Ana Júlia Moreira,anajúliamoreira@gmail.com,Brasil,Rio Grande do Sul,Cavalcanti do Campo
0ab1b301-982b-49eb-a11c-5e0ef662b28f,Sra. Eloá Vasconcelos,sraeloávasconcelos@hotmail.com,Brasil,Rio de Janeiro,Andrade da Prata
86bb8844-afd7-41a6-954e-6ea908a4685a,Thiago das Neves,thiagodasneves@outlook.com,Brasil,Rio Grande do Sul,Santos do Norte
3e04563e-1926-471a-9d53-f1232973e80e,Juliana Costa,julianacosta@hotmail.com,Brasil,Roraima,Aparecida dos Dourados
23244193-091e-4684-8f66-f72a54d24674,Manuella da Luz,manuelladaluz@outlook.com,Brasil,Amapá,Leão
4d976ee2-ea4e-4bcb-86de-014b708fc15e,Maria Fernanda Campos,mariafernandacampos@gmail.com,Brasil,Tocantins,da Cruz
02c90c1e-e15c-4244-bdcf-1eb0d6943278,Maria Montenegro,mariamontenegro@gmail.com,Brasil,São Paulo,Correia de Araújo
d2bbff69-e833-4f46-892e-d09ba329da49,Augusto da Rosa,augustodarosa@hotmail.com,Brasil,Ceará,Cirino da Praia
5d749e14-7a4e-4626-8a7f-a18e572dd706,Maria Julia Rios,mariajuliarios@hotmail.com,Brasil,Piauí,Montenegro do Oeste
9b9d7120-559a-4216-9f9a-2a363103ec17,Dra. Liz Cassiano,dralizcassiano@gmail.com,Brasil,Santa Catarina,Silveira
ea227354-9575-4bca-92fa-c839ffe250fc,Sr. Valentim Cirino,srvalentimcirino@yahoo.com.br,Brasil,Distrito Federal,da Cruz
15602588-10e8-4bb7-9faf-7f8b7381c450,Isabela Pastor,isabelapastor@outlook.com,Brasil,Ceará,Caldeira Paulista
5bac0719-79fa-463c-9a7e-75a882fc5a60,Sra. Sofia Aragão,srasofiaaragão@outlook.com,Brasil,Piauí,Sousa
a791ff98-1e1c-4bb7-a5d7-9fc231816eaa,Erick Duarte,erickduarte@yahoo.com.br,Brasil,Pernambuco,Guerra do Oeste
ac38f7b3-acf0-4c20-bbd0-59c02ba3b34c,Davi Novais,davinovais@yahoo.com.br,Brasil,Amapá,Cirino de Ribeiro
e763a272-a63a-4605-8bc8-2ef6863b68e9,Maria Liz Sales,marializsales@gmail.com,Brasil,Paraná,Farias de Fogaça
0179f976-6df8-4cbb-9622-fa03e745e1c1,Clara Camargo,claracamargo@gmail.com,Brasil,Maranhão,Cardoso
0b1adfc3-b925-4c33-bc62-9b806cbe278d,Luiz Otávio da Paz,luizotáviodapaz@yahoo.com.br,Brasil,Sergipe,Brito de Sales
e0768161-3fdc-4ed7-a8e5-101e9605113d,João Sousa,joãosousa@gmail.com,Brasil,Amazonas,Pires
e3f7b939-3c7b-4901-a68c-cc10d24d134a,Enzo Gabriel Costa,enzogabrielcosta@hotmail.com,Brasil,Rondônia,Camargo de Sampaio
ced06107-77be-4ae8-99a2-a91c2280bd87,Olivia Fonseca,oliviafonseca@gmail.com,Brasil,Ceará,Sousa
b36b43e1-310c-4c53-8f0f-d262a669eda8,Augusto Barbosa,augustobarbosa@outlook.com,Brasil,Alagoas,Peixoto
98a09f32-1064-475f-b518-8bd9fa436179,Brayan Peixoto,brayanpeixoto@yahoo.com.br,Brasil,Roraima,Cavalcanti do Amparo
499fa4cd-ed72-4b2e-afd4-2278a4eaf45e,Bárbara Fogaça,bárbarafogaça@hotmail.com,Brasil,Rio Grande do Sul,Viana dos Dourados
202ca46a-fbb5-48da-a0eb-5066bf0fad38,Cauê Macedo,cauêmacedo@hotmail.com,Brasil,Paraíba,Silveira Alegre
ad60c4bc-26ed-43cf-bafe-ce8fe2ce3b32,Caroline Teixeira,carolineteixeira@outlook.com,Brasil,Roraima,Santos da Mata
d621a07f-a3c6-47c6-b89c-74ac44688ef9,Benjamim Moreira,benjamimmoreira@gmail.com,Brasil,Paraná,Borges
6be9b814-5e81-4696-8ad1-4f9144dece46,Bella Rodrigues,bellarodrigues@gmail.com,Brasil,Minas Gerais,da Cruz
8adbd0b7-94de-4a4d-a7ef-1809d0840812,Srta. Alana Cunha,srtaalanacunha@outlook.com,Brasil,São Paulo,Rodrigues
9409ab59-0b33-4550-843c-484fb09646c6,Diogo da Mata,diogodamata@gmail.com,Brasil,Roraima,Pastor
20fa17a0-fa51-4385-a08a-c392688eb0f4,Dra. Lívia Alves,dralíviaalves@outlook.com,Brasil,Mato Grosso,Pimenta
d3b8c7d5-fd55-4461-87d4-ac71afc60379,Luna Aragão,lunaaragão@hotmail.com,Brasil,Acre,Azevedo
5d136bfd-f643-43a2-bbb0-90e7b6bde649,Rhavi Sousa,rhavisousa@hotmail.com,Brasil,Ceará,Sousa da Serra
c62ea7dc-504f-4de8-8933-bb5689be1dc7,Dr. Mathias Costa,drmathiascosta@outlook.com,Brasil,Sergipe,Sales
d0385130-4c4e-4176-8e43-d3007a09e442,Anthony Nogueira,anthonynogueira@yahoo.com.br,Brasil,Alagoas,Rodrigues do Sul
48691a0b-577b-4b44-85b4-84cb54170bd4,Maria Liz Almeida,marializalmeida@hotmail.com,Brasil,Ceará,Moraes
9b686a1b-eb0d-46f6-9daf-a559733e80ab,Kamilly Macedo,kamillymacedo@outlook.com,Brasil,Alagoas,da Cruz
dadaa009-2c32-47db-b0de-d81bcc2f53f1,Nina Farias,ninafarias@outlook.com,Brasil,Piauí,Câmara
af6117c7-3169-477c-950d-963e5047d316,Sra. Hadassa da Mota,srahadassadamota@yahoo.com.br,Brasil,Piauí,Oliveira
1d65e5fb-88f8-496c-b6fc-bf5b24daab23,Srta. Ana Carolina Novaes,srtaanacarolinanovaes@yahoo.com.br,Brasil,Pernambuco,Garcia
97907994-dd06-4c5f-aefe-da7abeee0512,Sara Ribeiro,sararibeiro@hotmail.com,Brasil,Amapá,Cirino
fe0f1ad0-38f2-49eb-8524-1e09b5de5885,Mariana Brito,marianabrito@yahoo.com.br,Brasil,Maranhão,Caldeira
149f4740-6446-49fa-bafa-83b455e108dd,Maria Sophia Gonçalves,mariasophiagonçalves@gmail.com,Brasil,Bahia,Mendonça da Prata
51a88dd3-2d0e-4e28-bcb5-8c33b3c1fc89,Dr. Miguel Correia,drmiguelcorreia@yahoo.com.br,Brasil,Acre,Melo Grande
fb86a78d-91d0-46ec-a547-433593b8db6d,Sr. Mateus Souza,srmateussouza@gmail.com,Brasil,Acre,Gonçalves do Norte
9d9bca25-92ea-400c-be42-98fb903a490d,Gael Henrique Sales,gaelhenriquesales@yahoo.com.br,Brasil,Rondônia,Rios de Azevedo
2a0185be-0fd0-461c-a15d-08fc1c4343ff,Maitê Cirino,maitêcirino@gmail.com,Brasil,Rio de Janeiro,Costa
4eb9fd9d-2dc4-45c4-9087-9e26854ea30c,João Lucas Monteiro,joãolucasmonteiro@outlook.com,Brasil,Tocantins,Peixoto
d1e45368-9da7-47f6-97eb-59cb29ffc32a,Cecília Nogueira,cecílianogueira@yahoo.com.br,Brasil,Alagoas,Costa dos Dourados
644fe190-98b1-4a0b-8214-53aeb39b0c04,Ana Liz Farias,analizfarias@hotmail.com,Brasil,Roraima,Farias do Amparo
a11e48a4-5020-4a66-a51b-a5835f321549,Camila Martins,camilamartins@yahoo.com.br,Brasil,Mato Grosso,Melo
2bc3747a-d119-48c7-910a-3a8c6803c5ef,Luiz Fernando Monteiro,luizfernandomonteiro@hotmail.com,Brasil,Mato Grosso do Sul,Fogaça do Campo
7c9b351c-4049-4789-880b-924e96b174ef,Isabela Novais,isabelanovais@outlook.com,Brasil,Amazonas,Moreira
3be7759a-1f04-47b9-b34a-2a08e6dfcc89,Diogo Vargas,diogovargas@gmail.com,Brasil,Piauí,Fonseca
46cea875-1dd8-492d-8392-2b45da7271fd,Davi Lucca Viana,daviluccaviana@yahoo.com.br,Brasil,Paraíba,Pimenta
8c57ed5b-84c0-49a9-bec5-c091a698054e,Helena Montenegro,helenamontenegro@outlook.com,Brasil,Amazonas,Aparecida
dc7c0636-2bb5-4e29-a27b-d314f33e6f01,Srta. Emilly Caldeira,srtaemillycaldeira@gmail.com,Brasil,Maranhão,Casa Grande de Peixoto
f5c2fc84-b797-4d46-bc74-b72857520b43,Dr. Anthony Gabriel Santos,dranthonygabrielsantos@gmail.com,Brasil,Rondônia,Nunes
4f932ff0-da0a-4043-898e-ce6a03fdb886,Cecilia Leão,cecilialeão@gmail.com,Brasil,Rondônia,Pires da Serra
04083627-9db1-4007-93fa-4b11dee5dce4,Heloísa Rios,heloísarios@yahoo.com.br,Brasil,Santa Catarina,Montenegro de Peixoto
3807c548-5a9e-4159-a5b9-384c25f82d6a,Miguel Aparecida,miguelaparecida@gmail.com,Brasil,Mato Grosso do Sul,Sampaio
d8052633-0d38-426f-a92b-fe685317098e,Sr. Asafe Pimenta,srasafepimenta@hotmail.com,Brasil,Sergipe,Gomes
03d00ae5-bcea-4927-9121-e6f9e25c3782,Bianca Pimenta,biancapimenta@yahoo.com.br,Brasil,Paraná,Machado
090f3195-ade7-43c8-b635-ca8160f01a66,Igor Lopes,igorlopes@outlook.com,Brasil,Paraná,Albuquerque
5142102e-3679-4fd7-bfb0-602d9d05e739,Samuel Moraes,samuelmoraes@outlook.com,Brasil,Mato Grosso do Sul,Dias
60cc6b22-d740-4d00-b8d6-951365bb5161,Ana Luiza da Paz,analuizadapaz@hotmail.com,Brasil,Tocantins,Porto Paulista
987b9ea7-32f2-456c-8c18-b98dd23ea1db,Manuela Aragão,manuelaaragão@gmail.com,Brasil,Amapá,Aparecida
4bcbc393-5ad5-4581-b815-6c2ecd8678b1,Isabel Sá,isabelsá@outlook.com,Brasil,Paraíba,Silveira
eee908b8-2e8f-4dbe-9863-2f9ebb9b4031,Anthony Andrade,anthonyandrade@gmail.com,Brasil,Pernambuco,da Luz Alegre
a50ac797-c810-4f8a-b5c3-e52328cba24a,Davi Lucca Mendonça,daviluccamendonça@hotmail.com,Brasil,Pernambuco,Costa
0a099809-f44c-41ea-b893-88eac85b160c,Luna Jesus,lunajesus@gmail.com,Brasil,Bahia,Cavalcante do Sul
9988b8b9-5b1b-414a-8e71-2e0a6602b4c4,Pedro Lucas Nascimento,pedrolucasnascimento@hotmail.com,Brasil,Rondônia,Pinto de Marques
2e0c7fe8-55b7-46ad-967a-e713aee965d9,Raul Rezende,raulrezende@hotmail.com,Brasil,Rio Grande do Norte,Carvalho
2e58cdd1-d99b-42a6-8855-42131dfb2b21,Dr. Samuel Barbosa,drsamuelbarbosa@gmail.com,Brasil,Mato Grosso do Sul,Mendes Grande
3e3f0646-e531-43bc-a703-d20f91f32601,João Gabriel Aragão,joãogabrielaragão@gmail.com,Brasil,Rio Grande do Norte,Fonseca
a9064d8f-ec17-4e25-b225-c2d3c058aa8a,Bryan Cassiano,bryancassiano@yahoo.com.br,Brasil,Rio Grande do Norte,Gomes
82ecfbf3-0a8d-4833-8e70-e85a18acadb7,Carolina Barros,carolinabarros@yahoo.com.br,Brasil,Espírito Santo,Guerra das Flores
418cf9d4-0e13-4050-8375-397618eb9a68,Srta. Maria Nogueira,srtamarianogueira@yahoo.com.br,Brasil,Maranhão,Gomes de Guerra
9de08ba2-5509-489f-a078-feab9113e77f,Sr. Isaac Silveira,srisaacsilveira@gmail.com,Brasil,Piauí,Lopes
1df3c406-50c1-4129-a93b-137ea4d34d83,Apollo Rios,apollorios@yahoo.com.br,Brasil,Maranhão,Mendonça de Vasconcelos
62ef8c5e-463a-400c-9e7a-978f21acc1f0,Caio Nogueira,caionogueira@gmail.com,Brasil,Espírito Santo,Viana do Oeste
717a624a-c82b-4e78-936f-7c0a5a011f10,Asafe Macedo,asafemacedo@hotmail.com,Brasil,Ceará,Silva de Jesus
bf460476-d5a1-4430-862f-f8f048fc2731,Srta. Laura Camargo,srtalauracamargo@yahoo.com.br,Brasil,Rondônia,Câmara de Goiás
d4234c71-c06b-4e4e-ae72-e512da8862b6,Sr. João Gabriel Rios,srjoãogabrielrios@hotmail.com,Brasil,Paraná,Novaes
f81c699d-1722-4b62-b091-2d2cfcb123d0,Antony Pastor,antonypastor@outlook.com,Brasil,Pará,Moura de Araújo
d392ce18-f54e-4c36-8bb6-7b8cb6cc079f,Sophie Moura,sophiemoura@outlook.com,Brasil,Mato Grosso,Fonseca
7d034f7b-5497-48aa-96fa-106c5aee831a,Augusto Sales,augustosales@yahoo.com.br,Brasil,Mato Grosso do Sul,Almeida do Campo
ba1c5c24-3772-4bf6-be15-e86ba97d7c89,Rafaela Siqueira,rafaelasiqueira@outlook.com,Brasil,Minas Gerais,Silva
8b2b637e-40ab-47f8-a015-c2e625c57c3c,Isabelly Azevedo,isabellyazevedo@yahoo.com.br,Brasil,Rio de Janeiro,Freitas da Serra
f991cfa1-e531-4350-bff6-fb1436e19488,Ana Beatriz Barbosa,anabeatrizbarbosa@outlook.com,Brasil,Paraná,Pimenta
9e65a4e7-3979-4d3d-a824-f5b2bfe8aa17,Luna Farias,lunafarias@yahoo.com.br,Brasil,Rio Grande do Sul,Costela
d7c077a8-2fc6-4628-ae7a-5d0b49008f17,Emanuella Martins,emanuellamartins@outlook.com,Brasil,Pará,das Neves da Praia
b723b019-e63a-4e44-9f9e-7257dd3beb08,Elisa da Luz,elisadaluz@gmail.com,Brasil,Rio Grande do Sul,Nunes do Campo
bf09833a-aa67-4b8d-a908-152a7260adb2,Enzo Cirino,enzocirino@gmail.com,Brasil,Santa Catarina,Jesus
4e21008a-cd91-4da5-9a55-2cf8dd3f6a94,Anthony Sampaio,anthonysampaio@yahoo.com.br,Brasil,Paraíba,Barros do Galho
0bcfa4e7-5b7b-41cc-af50-cd5c6ee79f84,Isabella Ramos,isabellaramos@hotmail.com,Brasil,Pará,Rios do Campo
620acdb6-188e-4e64-bef9-841cacdd998d,Alexia Marques,alexiamarques@outlook.com,Brasil,Maranhão,Nogueira Paulista
ebb65939-5d88-4e9f-a21f-5c58d39884b5,João Miguel Caldeira,joãomiguelcaldeira@hotmail.com,Brasil,Alagoas,Araújo
f9cec26c-c7b2-41f5-9ebc-2d61e3b0c471,Benicio Carvalho,beniciocarvalho@outlook.com,Brasil,Rondônia,Sousa
a443ad13-a4c4-4d6e-8659-2f29c51a62d1,Sr. Thiago Sales,srthiagosales@hotmail.com,Brasil,Maranhão,Cavalcante de Santos
2d541277-dbed-49d3-ae94-c58714acc763,Maria Julia Mendonça,mariajuliamendonça@outlook.com,Brasil,Amapá,Sousa
6aa609e2-0eb5-49fd-9c57-c7a9546da030,Dra. Ana Cecília Câmara,draanacecíliacâmara@outlook.com,Brasil,São Paulo,Freitas
f8e85547-71e1-4299-a494-9d20babe1afa,Emanuel Lopes,emanuellopes@gmail.com,Brasil,Paraíba,da Rocha de Leão
4448f3fb-7c5e-4850-aa4c-4d4796a1e44c,Léo Pinto,léopinto@yahoo.com.br,Brasil,Maranhão,Farias Paulista
6248691f-8494-46a3-b042-f9c448dd8ae9,Mariana Vargas,marianavargas@yahoo.com.br,Brasil,Maranhão,Barros
c1b701f1-5b22-4e89-aa18-64a550946453,Ana Laura Souza,analaurasouza@gmail.com,Brasil,Santa Catarina,Camargo
906cefc8-cc29-44ce-a412-3067e21f3ba3,Mariane Lopes,marianelopes@hotmail.com,Brasil,Minas Gerais,Aparecida de Goiás
b1960632-4a90-4a09-a13f-e2112a8b1a1d,Dr. Guilherme Siqueira,drguilhermesiqueira@gmail.com,Brasil,Pará,Marques
8011f90f-5a7a-4175-886a-61e1aa399154,Ana Cecília Pacheco,anacecíliapacheco@gmail.com,Brasil,Paraíba,Albuquerque de Nunes
e8bda7d3-520d-4afb-9be8-e5824d1a35bb,Isaac das Neves,isaacdasneves@yahoo.com.br,Brasil,Bahia,Andrade
73a6cca7-1eac-413f-87f4-91ce99621fb0,Camila Oliveira,camilaoliveira@gmail.com,Brasil,Pernambuco,Macedo
65742693-b66c-4f96-b4b3-32043b72b5ef,Francisco Barbosa,franciscobarbosa@yahoo.com.br,Brasil,Distrito Federal,Lopes
6a84f1f0-072b-4b64-a09e-4d2308d58d3a,Enrico da Costa,enricodacosta@gmail.com,Brasil,Mato Grosso,Novais
c0df8ee3-9c57-4a87-99df-15a685f9c563,Luiz Gustavo Porto,luizgustavoporto@gmail.com,Brasil,Rondônia,Pires
9f645e7a-549e-4ccf-80fb-d518f6ba161a,Luiz Miguel Farias,luizmiguelfarias@gmail.com,Brasil,Piauí,Borges
eb72e25e-998f-4c04-8d21-280fbc256c72,Otávio Andrade,otávioandrade@outlook.com,Brasil,Piauí,Oliveira
0185891f-0fda-459f-8a55-7ffbfe4833e2,Benício Alves,benícioalves@yahoo.com.br,Brasil,Mato Grosso do Sul,Fernandes de Correia
3e5970e5-c2f3-49fb-8340-21d02f52d82c,Srta. Allana Aparecida,srtaallanaaparecida@yahoo.com.br,Brasil,Ceará,Brito
728beedd-b8bd-4629-a42c-e123c2c92520,Renan Camargo,renancamargo@yahoo.com.br,Brasil,Rio Grande do Sul,da Cruz do Sul
70635ca2-0580-43ff-a49e-94fa98b35120,Yan Costela,yancostela@yahoo.com.br,Brasil,Bahia,Macedo
de650f67-3035-4525-8548-afc07b5364d8,Maria Laura Abreu,marialauraabreu@yahoo.com.br,Brasil,Mato Grosso do Sul,Sousa de Minas
f481d4f9-e5a4-4271-af32-5d6da1175b04,Beatriz Sampaio,beatrizsampaio@gmail.com,Brasil,Paraná,Costa
ef2ed607-f7dd-40d9-8038-f0c25806868d,Olivia Caldeira,oliviacaldeira@gmail.com,Brasil,Espírito Santo,Rezende
2bfa166b-3dc4-4812-b766-fb2715e5f228,Sra. Maria Luísa Novais,sramarialuísanovais@gmail.com,Brasil,Rio de Janeiro,Gonçalves
3df16762-7532-4614-8136-cfec337ca7ac,Lucas Pacheco,lucaspacheco@yahoo.com.br,Brasil,Santa Catarina,Alves
9589fcd0-135f-4abf-84c0-e0ee13a8d1dc,Lorena Brito,lorenabrito@hotmail.com,Brasil,Goiás,Vasconcelos
decf8b25-3e46-4f0c-8dfc-34773cb4c13b,Arthur Gabriel da Conceição,arthurgabrieldaconceição@gmail.com,Brasil,Acre,da Rocha do Sul
c093871f-608c-4654-86f8-8b9e883966c2,Luiz Fernando Cirino,luizfernandocirino@outlook.com,Brasil,Rio de Janeiro,Cassiano da Prata
5d766ca5-b7ed-49ba-8c61-42b1d7e48c2e,Sr. Vitor Gabriel Guerra,srvitorgabrielguerra@yahoo.com.br,Brasil,Paraíba,da Costa Verde
c32ca425-581f-4709-a146-bd98f01e1cee,Yago Moura,yagomoura@gmail.com,Brasil,Amapá,Sales
0fb6de51-3845-47fc-b831-762597c6ebb8,Daniel das Neves,danieldasneves@outlook.com,Brasil,Minas Gerais,Sá do Amparo
9a40082e-c05e-4486-b69d-c8531766dff5,Ísis Leão,ísisleão@hotmail.com,Brasil,Paraná,Brito de Dias
1af8a364-dcc4-4030-aa8d-d3cba2243580,Maria Eduarda Brito,mariaeduardabrito@gmail.com,Brasil,Ceará,Cardoso
96276459-8ac5-41fc-b1de-04c09fdfcc12,Nathan Pimenta,nathanpimenta@outlook.com,Brasil,Amapá,Costela
4cc16703-b388-40e2-bfd3-7223b6c08928,Melissa Leão,melissaleão@yahoo.com.br,Brasil,Acre,Freitas
8d138d8e-e9db-48cf-9612-4dee01ab59b5,Henrique Oliveira,henriqueoliveira@outlook.com,Brasil,Mato Grosso,Araújo
4d4bd1e9-c32f-4f88-8a04-998f57c420ab,Yuri Câmara,yuricâmara@hotmail.com,Brasil,Amapá,Montenegro de Minas
83297995-a091-49d8-a005-aae8ef870d85,Asafe Correia,asafecorreia@gmail.com,Brasil,Tocantins,Nascimento de Cassiano
573b57ee-bef6-4a87-a84d-e305daa35731,Rafael da Luz,rafaeldaluz@yahoo.com.br,Brasil,Pernambuco,da Rocha
e095b1af-3c49-43ba-a23d-3e21b51ba82a,Bryan Cunha,bryancunha@outlook.com,Brasil,Paraná,Correia de Minas
9997dd66-82ce-44b2-8d79-cae42da9d0aa,Ágatha Rios,ágatharios@gmail.com,Brasil,Mato Grosso,Câmara
127cf9d5-9ec3-4fb0-87d7-67bb316e3908,Dra. Luiza Lopes,draluizalopes@gmail.com,Brasil,Maranhão,da Rocha
8cd4cd6e-a0e8-4356-8514-92260182987e,Marcelo Sampaio,marcelosampaio@hotmail.com,Brasil,Rio Grande do Norte,Rodrigues de Cirino
7dd3347b-6e98-4255-a396-cf0d97c84973,Yuri Rodrigues,yurirodrigues@outlook.com,Brasil,Amazonas,Oliveira do Norte
bf168024-6dd7-4a70-89d9-cd3cd0dedf73,Antonella Rezende,antonellarezende@hotmail.com,Brasil,Mato Grosso do Sul,Abreu
2492ceac-dfd8-4c3a-bde0-f7df338c1c05,Sr. Pietro Gonçalves,srpietrogonçalves@hotmail.com,Brasil,Bahia,Cardoso
151ce9fa-2c32-4099-b4a4-54ada0ecda39,Léo Barros,léobarros@outlook.com,Brasil,Alagoas,Ribeiro de Goiás
af272173-1fde-4b82-99cc-20aee70ba005,Kevin Castro,kevincastro@outlook.com,Brasil,Rondônia,Santos de Dias
4232878f-c4ce-4d29-97e8-a8a4a9d0d382,Enzo Gabriel da Paz,enzogabrieldapaz@outlook.com,Brasil,Amapá,Araújo de Sousa
83afb41a-81cc-4a7f-9d67-d93d77caee6c,Kevin Lopes,kevinlopes@yahoo.com.br,Brasil,Piauí,Costela de Goiás
305e5701-e2a7-4bbf-bf07-fcd7cb55db82,Giovanna Brito,giovannabrito@gmail.com,Brasil,Santa Catarina,Casa Grande
ff4102df-986a-435d-8f35-9a6466e3d10f,Srta. Maria Júlia Sá,srtamariajúliasá@yahoo.com.br,Brasil,Maranhão,Siqueira
2ed011d3-73e7-4c90-a31f-b533c57a6c86,Dr. Benício Câmara,drbeníciocâmara@yahoo.com.br,Brasil,Espírito Santo,Costela
4bbb47f5-9b10-4660-a0ae-75af5904bebd,Brayan Ferreira,brayanferreira@gmail.com,Brasil,Bahia,Pereira de Pimenta
eccec598-794a-4819-ad0f-4a0fc7d55360,Antony da Cruz,antonydacruz@outlook.com,Brasil,Espírito Santo,Abreu
b0e909d8-7e22-44dd-bc29-a195cf6d9fa8,Dra. Lívia Farias,dralíviafarias@yahoo.com.br,Brasil,Goiás,da Conceição
c78c0bbb-bc55-4150-9096-4adc200c8a28,Danilo Castro,danilocastro@gmail.com,Brasil,Rondônia,Casa Grande
1fac65ab-45a1-4827-af2e-11ecdaab1e83,Isabella Pinto,isabellapinto@gmail.com,Brasil,Sergipe,Pimenta
dd99d9e0-ef98-40d3-8afa-3460dfc0675e,Sr. Antônio Melo,srantôniomelo@outlook.com,Brasil,Rondônia,Farias de Monteiro
58e001f6-c71c-4c4e-a9df-0f36b78d4f41,Evelyn Barbosa,evelynbarbosa@yahoo.com.br,Brasil,Alagoas,Fogaça
dfbce105-96b0-4006-bd38-5f81f4bd7d42,Cauê da Mata,cauêdamata@hotmail.com,Brasil,Espírito Santo,Aparecida Alegre
348bd7cc-4027-4665-8043-faf79986a03a,Rafaela Souza,rafaelasouza@gmail.com,Brasil,Piauí,Rocha
31135eb4-1fb0-41d2-859d-c49d7980412b,Dr. Rhavi Casa Grande,drrhavicasagrande@yahoo.com.br,Brasil,Rondônia,Ferreira
b1c39e35-131f-4200-bf20-1e9043e58bc9,Emanuel Costa,emanuelcosta@yahoo.com.br,Brasil,Pernambuco,Albuquerque
f77cae3b-6458-4a52-bc93-65ee0d136e6a,Francisco Moraes,franciscomoraes@outlook.com,Brasil,Pará,da Mata de Sousa
80435bcc-ac2e-4801-a87d-bbaf24ed5f8e,Marcelo Costa,marcelocosta@hotmail.com,Brasil,Rio Grande do Norte,Nogueira da Prata
b651c3de-6f67-4c71-9118-d0f486bea0dc,Maria Júlia Costa,mariajúliacosta@yahoo.com.br,Brasil,Acre,Cavalcante das Flores
ca1e3229-6236-4f13-a61a-5c1ab147bd1f,Dr. Pietro Vieira,drpietrovieira@outlook.com,Brasil,Maranhão,Duarte de Goiás
7d10dc97-524d-4d06-8f95-8ab5cad98161,Liz Santos,lizsantos@outlook.com,Brasil,Paraíba,Santos
b7996695-35c8-4046-8f42-eab89e9faceb,Daniel Campos,danielcampos@yahoo.com.br,Brasil,Rio Grande do Norte,Pacheco
3210d280-0c32-4783-8c69-f7d79392500b,Benjamim Santos,benjamimsantos@hotmail.com,Brasil,Paraíba,Cavalcanti
3a47a11c-84d8-45bf-8e06-f1874cdd2694,Giovanna Moreira,giovannamoreira@gmail.com,Brasil,Minas Gerais,Campos da Serra
419a604e-b198-482c-847a-d10278320711,Sra. Sabrina Teixeira,srasabrinateixeira@outlook.com,Brasil,Piauí,Borges
a6274c03-3b6c-487b-a420-ff63d8fa8abc,Yuri Borges,yuriborges@outlook.com,Brasil,Pernambuco,Cavalcante
779c3a73-141f-4d14-9be9-dc17fe4f36c7,Manuella Pinto,manuellapinto@gmail.com,Brasil,Rio Grande do Norte,Lima
aa2df0ba-7625-4e61-b4e7-52222d5b136b,Eduardo Macedo,eduardomacedo@outlook.com,Brasil,Rio de Janeiro,Lopes
835e88c4-2f3c-4195-8a53-e3a82dba7609,Pedro Henrique Melo,pedrohenriquemelo@yahoo.com.br,Brasil,Rondônia,da Conceição
b45c0245-b954-4cd7-a4da-d261f6d16728,Oliver Aparecida,oliveraparecida@gmail.com,Brasil,Goiás,Moraes
78b7ea2f-04f8-4af9-b43c-aa792a7608a5,Ana Cecília Marques,anacecíliamarques@yahoo.com.br,Brasil,Piauí,Siqueira de Farias
d4c069e2-3583-49a9-9f8a-09b1719df647,Thomas Aragão,thomasaragão@outlook.com,Brasil,Alagoas,Duarte de Pacheco
4398638d-5bbf-4e3d-9b2b-e5709093815d,Bento da Conceição,bentodaconceição@gmail.com,Brasil,São Paulo,Lima do Norte
4bab4c59-1276-42bf-b750-6de1c89d92a2,Sarah Rodrigues,sarahrodrigues@outlook.com,Brasil,Mato Grosso do Sul,Araújo do Amparo
d0a60b3b-7727-4231-b10a-7ef579dc10b1,Nicole Sá,nicolesá@outlook.com,Brasil,Sergipe,Abreu de Pinto
2b2fc655-1956-4421-9899-d9051b17a4eb,Théo Martins,théomartins@yahoo.com.br,Brasil,Pernambuco,Lopes de da Rosa
38aaba6c-a74a-4fed-9189-b8bf6cad0fa0,Ana Carolina Ramos,anacarolinaramos@yahoo.com.br,Brasil,São Paulo,Pacheco do Oeste
f36705ed-0ba7-46bd-b7c0-31ce5c8bfc72,Kamilly Farias,kamillyfarias@gmail.com,Brasil,Distrito Federal,Cavalcante
8edcf95e-bb8c-41fd-9281-31a27a3c47ef,Heloísa Azevedo,heloísaazevedo@outlook.com,Brasil,Rondônia,Silva das Flores
82e2a069-d38d-48e0-a184-6004e478fdae,Apollo da Mata,apollodamata@yahoo.com.br,Brasil,Pernambuco,Peixoto das Flores
086a935c-fcc0-49b6-8446-1e4130e95dc0,Dra. Letícia Pires,draletíciapires@yahoo.com.br,Brasil,Paraíba,Pinto de Macedo
bf63ef3d-5d43-4ba9-91f1-0e5576c6a4b4,Lucas Gabriel Melo,lucasgabrielmelo@gmail.com,Brasil,Rio Grande do Sul,da Cruz
85076e68-803f-4c28-978c-885a99c7e0cd,Aurora Macedo,auroramacedo@yahoo.com.br,Brasil,Mato Grosso do Sul,da Rocha da Mata
e53505ce-c64a-42a9-98fe-83c30f68e773,Luiz Henrique Rios,luizhenriquerios@yahoo.com.br,Brasil,Amapá,da Luz
cbfd1519-8e2f-45a8-a90a-3df434301b16,Caroline Andrade,carolineandrade@yahoo.com.br,Brasil,Minas Gerais,Mendonça Alegre
5c289b69-7252-4531-aa3b-969d7e52c050,Gabriela Cavalcanti,gabrielacavalcanti@outlook.com,Brasil,Maranhão,Oliveira das Flores
36271480-49a1-44ad-8d33-c813c3618619,Fernando Moraes,fernandomoraes@gmail.com,Brasil,Maranhão,Barros
61fe3177-e93f-44c2-b14d-afd73d366955,Sofia da Rosa,sofiadarosa@gmail.com,Brasil,Alagoas,Fogaça de Pires
8a7b930a-0b2f-44fc-9b98-89d4a06261cd,Bella Vargas,bellavargas@hotmail.com,Brasil,Tocantins,Câmara Verde
7fa53244-f99d-4356-b0e2-3bcd1f8300bd,Anthony Gabriel Lima,anthonygabriellima@gmail.com,Brasil,Alagoas,Silveira de da Costa
6389e5b5-1aed-4849-853d-05f83783523a,Fernanda Pereira,fernandapereira@outlook.com,Brasil,Goiás,Araújo
571f8fc2-3019-471c-bfac-8fe35e24f8b0,Valentim da Rosa,valentimdarosa@yahoo.com.br,Brasil,Maranhão,Cavalcanti de Rocha
421db151-c5aa-4d90-b088-8aad31b9b45c,Yasmin Nunes,yasminnunes@outlook.com,Brasil,São Paulo,Cirino
2d126daa-61d6-4554-8410-912d4e34c33d,Srta. Mariana Pastor,srtamarianapastor@gmail.com,Brasil,Bahia,Dias
08c8ba8d-0b82-4167-ac75-646fc30637af,Maria Fernanda Albuquerque,mariafernandaalbuquerque@hotmail.com,Brasil,Maranhão,da Rocha
cd010ddb-4cf9-4652-aae9-26333d848ad7,Heitor Costa,heitorcosta@yahoo.com.br,Brasil,Rio Grande do Norte,da Luz
d1da151b-b6f3-4de3-a100-14ca23aaad08,Yasmin Pires,yasminpires@hotmail.com,Brasil,Roraima,Carvalho
186146a6-186a-4de6-8103-f742d1fa1c5b,Nathan da Rocha,nathandarocha@yahoo.com.br,Brasil,São Paulo,Pinto
a5840de6-05e4-41ce-a845-7569e452dfa9,Henrique da Cruz,henriquedacruz@gmail.com,Brasil,Ceará,Novais de Minas
3e301e11-fe07-4c1e-a752-5650998c7b61,Sra. Ana Sophia da Mata,sraanasophiadamata@gmail.com,Brasil,Bahia,Marques
141cfbe8-1c32-4cb3-83de-521bec1af10a,Gabriela da Mata,gabrieladamata@hotmail.com,Brasil,Rondônia,da Rosa Alegre
dbdfc83a-4333-438e-9714-10fcbb544eae,Eloá Araújo,eloáaraújo@hotmail.com,Brasil,Rondônia,Fogaça Paulista
8e273a33-9a10-47ce-8f05-c183f349dda3,Olivia Leão,olivialeão@hotmail.com,Brasil,Santa Catarina,Sá do Campo
6b50eed4-ef3d-4cae-82b1-484df2c24ac1,Pedro Lucas Macedo,pedrolucasmacedo@yahoo.com.br,Brasil,Espírito Santo,Freitas da Mata
73daa62f-ba21-4dc8-be34-9a1f37ec08c8,Alexandre Marques,alexandremarques@hotmail.com,Brasil,Espírito Santo,Cirino de Sousa
7de0ffee-f605-4ee3-b0b3-6618b1ad7f17,Milena Pinto,milenapinto@outlook.com,Brasil,Rondônia,Nascimento
622dff5f-ea4c-4609-a441-d9a3e3d053c3,Laura Melo,lauramelo@gmail.com,Brasil,São Paulo,Novais
99939e4f-cd80-486b-beba-10c62d7c52ca,Brayan Novais,brayannovais@yahoo.com.br,Brasil,Acre,Pereira
4f191cf8-1955-4019-91d4-98cd6a3936b5,Dr. Carlos Eduardo Cassiano,drcarloseduardocassiano@gmail.com,Brasil,Espírito Santo,Casa Grande
d25f1ef7-5ee8-4cc4-8b1a-39e9b8a1b0ae,Olivia Vieira,oliviavieira@outlook.com,Brasil,Santa Catarina,Alves da Prata
395357c6-caa8-40e1-a61f-d8c357a429e0,Noah Pereira,noahpereira@gmail.com,Brasil,Maranhão,Nogueira
803fe574-2446-4039-acea-316e0da2007c,Danilo Dias,danilodias@outlook.com,Brasil,Espírito Santo,da Mota
468791ec-d041-46d0-b3af-be0e62a7a69e,Maria Fernanda Casa Grande,mariafernandacasagrande@gmail.com,Brasil,Mato Grosso,Nascimento
e97992a3-1967-4a17-a34f-b59dab4edede,Nicole Montenegro,nicolemontenegro@outlook.com,Brasil,Santa Catarina,Fogaça da Praia
9e0a9b2f-c1a0-4dc8-8e0f-79b82bf64de7,Pedro Miguel Silveira,pedromiguelsilveira@gmail.com,Brasil,Paraíba,da Cunha
7a22a4a3-5a75-4578-9317-5ad892206053,Gabriel Siqueira,gabrielsiqueira@hotmail.com,Brasil,Rio Grande do Norte,Mendonça
749bbcd5-3219-4b4b-bd92-32085217aabc,Lucas Gabriel Teixeira,lucasgabrielteixeira@yahoo.com.br,Brasil,Alagoas,da Costa Paulista
3604d4ae-16bd-4efc-9f13-0f9a7060c810,Arthur Miguel Novais,arthurmiguelnovais@gmail.com,Brasil,Mato Grosso do Sul,Monteiro da Prata
a0df720c-1307-49c1-9032-676235cb3600,Luísa Campos,luísacampos@hotmail.com,Brasil,Roraima,Farias do Amparo
eda12f33-0aa4-4e4f-9ea2-87d333621744,Apollo Costa,apollocosta@gmail.com,Brasil,Distrito Federal,Caldeira da Prata
c43b9625-c381-4dc2-8441-b60acc73829d,Sabrina Costela,sabrinacostela@outlook.com,Brasil,Bahia,Vasconcelos do Oeste
a96e9eb9-3eb5-46e3-8524-e6a953707b38,Kevin Souza,kevinsouza@hotmail.com,Brasil,Amapá,Cassiano
5e68c00f-094c-4ed7-98dc-373dd979c8c6,Ana Júlia Pacheco,anajúliapacheco@gmail.com,Brasil,Paraíba,da Paz
45a6a6df-0048-4607-8e0e-b3be435ddf2d,Natália Silveira,natáliasilveira@outlook.com,Brasil,Mato Grosso,da Conceição Alegre
e61883d9-456a-4a4e-bb58-b73947bee93b,Sr. Ryan Pires,srryanpires@yahoo.com.br,Brasil,Mato Grosso do Sul,Almeida
df0529da-94d9-4fd6-ab00-f43d8db25e37,Isabela Sá,isabelasá@gmail.com,Brasil,Mato Grosso,Martins de Mendonça
82cb106e-5bbe-4108-8e04-c0ac1b71dc8f,Levi Castro,levicastro@gmail.com,Brasil,Maranhão,Duarte do Campo
977dad53-ece8-4484-9b7a-820c03e4ff26,Juan Mendonça,juanmendonça@gmail.com,Brasil,Santa Catarina,Rios de Sousa
aea9a562-b09c-41ad-9d3f-036a726620ca,Elisa Costa,elisacosta@yahoo.com.br,Brasil,Rio Grande do Sul,Fonseca das Pedras
3fdc3c56-9eb6-4913-a87a-c0df0b1573cd,Otávio Cirino,otáviocirino@gmail.com,Brasil,Alagoas,Fogaça Grande
dbf237b4-d804-4035-9388-7760c3201b8a,Ana Sales,anasales@hotmail.com,Brasil,Ceará,Almeida de Goiás
1e837e8f-945d-4c24-b71e-3b9922d92da5,Ana Clara Peixoto,anaclarapeixoto@outlook.com,Brasil,Roraima,Costela dos Dourados
b5e4b84a-9a58-4de7-8090-18769b71014f,Dr. Gustavo Henrique Montenegro,drgustavohenriquemontenegro@yahoo.com.br,Brasil,Tocantins,Sousa
27361464-8f88-4925-8f81-45b846f5ea55,Vinícius Monteiro,viníciusmonteiro@gmail.com,Brasil,Rio de Janeiro,Fogaça
b788014d-e2dd-4701-bbc4-11be8ee2de62,Ana Carolina Cirino,anacarolinacirino@hotmail.com,Brasil,Pará,Gonçalves
